mfcc_0,mfcc_1,mfcc_2,mfcc_3,mfcc_4,mfcc_5,mfcc_6,mfcc_7,mfcc_8,mfcc_9,mfcc_10,mfcc_11,mfcc_12,mfcc_13,mfcc_14,mfcc_15,mfcc_16,mfcc_17,mfcc_18,mfcc_19,tempo,energy,centroid,mood
-113.619385,121.55302,-19.151058,42.345768,-6.3711677,18.613033,-13.69206,15.339378,-12.283617,10.973775,-8.32241,8.8067875,-3.665802,5.745939,-5.161711,0.75029784,-1.6883581,-0.40932855,-2.298869,1.2199471,123.046875,0.13019199669361115,1784.416545970319,Sad
-207.58151,123.99715,8.939115,35.870758,2.9199705,21.518787,-8.555368,23.355938,-10.101037,11.906445,-5.5581226,5.375942,-2.237833,4.217125,-6.0110474,0.9326681,-0.7170279,0.29233328,-0.28571686,0.53214425,67.99958881578948,0.09589168429374695,1529.8713140945188,Sad
-90.77634,140.44861,-29.10056,31.68734,-13.975973,25.741686,-13.644712,11.623112,-11.775921,9.700466,-13.115349,5.7857637,-8.899733,-1.0870236,-9.216774,2.4536483,-7.721793,-1.8164973,-3.4343534,-2.2313912,161.4990234375,0.17549368739128113,1552.6377863181906,Sad
-199.462,150.09473,5.649167,26.870144,1.7554406,14.23688,-4.8288727,9.297849,-0.7531419,8.147393,-3.1952362,6.0853534,-2.4761884,-1.0762246,-2.8760564,0.77690876,-3.3200552,0.6372629,-0.6175069,-3.40694,63.02400914634146,0.1411392092704773,1070.1100585189854,Sad
-160.29185,126.19576,-35.6025,22.151169,-32.48764,10.862023,-23.357162,0.50052327,-11.80477,1.2038774,-13.085074,-2.8098488,-6.935621,-7.5592937,-9.172152,-4.5104084,-5.4537363,-0.92446774,-4.408076,-11.701833,135.99917763157896,0.09154040366411209,1835.5070084014953,Sad
-177.88876,118.18953,-17.55073,30.753101,-21.732107,11.898545,-20.73228,3.176169,-8.57577,-0.9401843,-11.773799,-2.426076,-9.342486,-9.947082,-3.9053469,-5.568541,-1.839969,-2.7841752,-3.0461123,-8.115228,69.83741554054055,0.10343772172927856,1831.9900685948742,Sad
-190.17502,130.29242,-36.348473,33.02909,11.085681,-0.5963725,-20.882357,0.27711606,-6.5008707,-5.5156236,-7.8452897,-3.123599,-6.595716,-9.947577,-6.540925,-10.071381,-10.912119,-6.970003,-3.4485128,-6.498458,71.77734375,0.14168789982795715,1459.0353761872718,Sad
-179.42007,136.4421,-26.644339,39.97959,5.3018146,10.921237,-20.555347,8.507477,-11.35436,-3.4690983,-8.414114,-6.956976,-3.548349,-8.051682,-8.9604845,-8.421077,-10.5585985,-10.790194,-4.7007947,-8.638816,92.28515625,0.13174523413181305,1451.8494584581754,Sad
-121.387115,122.505394,-14.739394,46.135292,-8.160384,20.17051,-19.169321,23.050188,-11.82594,21.173412,-6.7202907,7.0050187,-12.739909,5.064209,-5.173075,-1.446995,-7.0369287,2.6948745,3.4093323,-2.6991909,83.35433467741936,0.1423606276512146,1719.2739373344168,Sad
-213.20453,115.15454,-11.720504,39.032555,-20.357819,13.089926,-9.180816,9.023639,-14.101023,4.283337,-6.044196,3.786368,0.22368734,-5.114481,-0.4145369,-1.1848989,-1.9183391,-2.2957962,2.89123,-4.2345333,80.74951171875,0.08132097870111465,1817.5295464146707,Sad
-173.71587,137.14024,-23.767647,26.99174,-16.687662,4.2143745,-12.582618,5.8545594,-2.884673,-1.1866812,-1.9771541,1.800155,-3.0044115,-1.8699358,-0.79626834,-3.0132642,-0.43592522,-2.00181,-0.74663854,-5.001238,161.4990234375,0.14286480844020844,1410.6753570562125,Sad
-287.92355,123.97102,5.4561224,33.684544,1.0892011,14.704721,-4.898606,8.6532755,0.7827978,6.5667357,-4.87944,-3.1806588,-5.5570035,-6.786621,-2.644233,-2.9824314,-3.3811383,-1.8614974,1.8359205,-4.8965116,161.4990234375,0.06568456441164017,1353.3291189300635,Sad
-207.20874,132.79709,-15.460706,60.99486,0.7102412,12.461279,1.1609277,-1.5278946,-17.901815,8.369234,-2.4538186,-0.59668875,0.36881647,2.6052277,-5.193015,-9.530149,-9.2374,-2.8406758,-1.4114445,-5.9310284,184.5703125,0.1190238893032074,1361.1004062354928,Sad
-209.7822,124.46592,10.285805,47.030174,6.4823856,15.417021,-2.0100777,6.735786,-21.54862,10.7284975,-5.532432,-2.202038,-3.051727,8.644019,-0.31084576,-0.6361448,-2.9359381,-1.706597,-1.7654228,-7.755964,107.666015625,0.1131889671087265,1324.3317542217217,Sad
-305.69858,113.04164,12.114901,45.039444,17.739239,14.59463,4.1571283,0.24009785,-7.013088,13.649843,8.923058,1.3016899,5.9521284,8.542282,1.1171257,0.5882187,0.06007768,-3.706519,-1.0018837,-1.8044137,151.99908088235293,0.06693624705076218,1172.2763008557504,Sad
-238.53304,120.08829,-4.2245555,42.310043,5.9163294,13.914182,5.3575773,1.9037088,-16.92988,12.33931,3.9409604,-1.3906769,0.014792168,3.5804958,-4.5049934,-5.541951,-6.8830776,-4.8263903,1.7385828,-1.8840166,103.359375,0.08063894510269165,1420.4114787701458,Sad
-233.79489,120.66705,-3.1675608,39.53927,3.858855,18.839672,-3.6889172,4.4318447,-14.975374,17.571033,1.8447447,2.5386066,-1.2386856,8.439363,-0.20983854,-3.9067852,-4.478641,-0.012232258,1.2932649,-2.0874293,198.76802884615384,0.08141902089118958,1455.0424713768248,Sad
-245.75414,140.48093,-2.771439,60.42012,18.9254,9.837099,3.566577,0.53618747,-16.367361,6.6298547,7.269149,-4.015731,1.6074536,5.898682,-3.0176077,-4.7748995,-3.02707,-1.9985329,-0.058759045,-3.9718897,172.265625,0.09325911104679108,1088.7781161784512,Sad
-252.51877,104.93698,15.316828,42.673477,6.7626176,21.623577,-1.3132769,5.691933,-16.619516,12.161626,-1.96795,1.9697651,-0.8889585,7.771046,2.3869514,1.7799876,1.3449866,3.6371133,4.9108076,-2.6554036,83.35433467741936,0.07964064180850983,1537.56091926741,Sad
-236.6889,138.40428,-4.923575,47.647713,5.152376,8.895284,0.4828563,-3.801668,-14.974891,10.432587,-0.3539615,0.78834563,1.7829303,4.230211,-0.47101685,-6.105654,-5.387077,-1.3430607,-3.722793,-4.3624997,123.046875,0.09763429313898087,1195.4133983085592,Sad
-230.42657,127.100525,7.145355,39.784317,1.9449425,17.40534,-5.639429,8.25213,-18.104385,13.842513,-3.760913,2.5718598,-4.3208055,6.8123913,-6.1598387,-6.2154546,-4.5115924,-1.8506044,-0.5394866,1.504397,135.99917763157896,0.07535404711961746,1389.9522837601053,Sad
-264.67847,138.85834,11.156023,48.538254,14.895925,20.584368,3.2051423,1.262588,-15.847021,15.986576,3.3616717,-1.5137409,1.8921548,6.3119216,-0.9948621,-2.4167242,-3.684751,0.4993974,5.0507474,-0.7867031,99.38401442307692,0.10111809521913528,1046.7275070203577,Sad
-233.85751,136.17209,3.2713182,48.931213,8.685134,13.97951,5.3548675,0.39087027,-13.504575,16.856106,5.130938,-2.23188,3.9640331,5.318362,0.8122656,-1.0979142,-4.539752,-2.434786,3.313449,-0.6142795,95.703125,0.11343149840831757,1156.202363121508,Sad
-227.26886,137.7307,-14.493466,63.555702,5.612641,11.984639,1.8855519,-1.8633765,-7.6205554,-2.4471743,-2.8867247,-9.429529,-10.923913,3.562558,4.1377068,0.09554376,-2.9725447,-1.378875,7.541176,-3.0374627,184.5703125,0.1019149050116539,1210.4571260262846,Sad
-274.31186,130.41371,-6.3928003,70.405014,13.269141,9.461284,7.7256403,-1.247491,-0.57758856,-2.3025882,3.783147,0.084823325,-0.93943596,2.2965147,4.2883782,-1.6618618,-10.444595,-6.7975335,-1.0660517,-1.5959948,103.359375,0.08696161210536957,1120.3909802285903,Sad
-249.2894,130.98703,0.67739,66.68578,17.897806,4.623737,6.5983076,1.24905,1.4163893,-1.579142,-0.962663,-3.5719957,-2.9279816,4.596818,7.478901,-0.18313693,-2.825327,-2.6788447,0.74854714,-0.5342603,92.28515625,0.08917960524559021,1109.721378629315,Sad
-284.69736,108.8052,9.088283,51.22274,18.091755,7.612261,8.779499,2.362829,0.005786246,2.2509663,4.205099,-3.2933176,1.6082983,2.6657817,3.3244853,3.260079,-4.558311,0.47801885,5.929787,3.2283406,83.35433467741936,0.07693855464458466,1198.7544985722175,Sad
-228.25066,130.3444,-23.29129,70.1721,1.1422709,7.6024485,0.90993816,1.9782512,-6.167008,-9.396024,-2.5628405,-4.5228944,-0.26295036,0.17933396,-1.5074475,1.4652519,-6.9718475,-8.32218,4.2389526,0.98148614,92.28515625,0.09572528302669525,1391.4439037459135,Sad
-248.98674,139.0672,-16.2825,57.117985,20.192654,10.188038,4.5439763,0.33127913,-7.8779507,-3.4479153,-2.646489,-2.8313823,-0.9021665,-2.4017205,2.567503,-5.855444,-12.398049,-7.310066,-0.9439507,-2.6873753,103.359375,0.09958247095346451,1115.5411952519341,Sad
-233.75082,101.178276,17.649767,23.733776,2.0820332,25.941923,-16.958849,15.098034,-22.278715,4.3951225,-23.207403,-6.057175,-5.068857,1.0673921,-5.785368,-8.311131,-11.389136,-6.72795,-10.025586,-14.032895,129.19921875,0.12466930598020554,1649.2877536970093,Sad
-206.96808,117.792984,23.23588,28.297827,-1.1239152,18.862036,-21.949682,17.849985,-25.585644,2.1299253,-17.794416,-8.015903,-17.607277,-8.139437,-8.648127,-15.528326,-15.317337,-9.66383,-10.0986805,-17.833733,151.99908088235293,0.1700301468372345,1378.9657764881297,Sad
-221.83113,110.83949,18.616821,30.920137,3.295923,22.587362,-20.416351,12.118738,-26.350498,-4.3674846,-26.413198,-13.045098,-12.654766,-1.8243437,-7.258695,-6.661086,-14.686605,-11.720062,-11.023767,-13.388401,151.99908088235293,0.15153230726718903,1331.0365912698594,Sad
-288.8077,105.89604,18.777039,23.710392,5.7118816,25.549088,-13.47376,12.428973,-11.942034,1.5714257,-15.63591,-6.6506157,-11.713253,-2.9383888,-7.3725805,-15.697483,-10.9741535,-10.8895445,-18.505476,-19.103352,143.5546875,0.10115690529346466,1309.6646971460593,Sad
-239.03807,108.65722,34.15189,30.23917,-0.47574335,27.292637,-21.379398,14.150509,-24.510178,-1.8840462,-28.050291,-11.25665,-16.47693,-7.637185,-12.799123,-15.357241,-13.729804,-7.3977785,-10.089319,-13.291538,151.99908088235293,0.13312429189682007,1430.5981944868504,Sad
-217.23868,105.792366,15.617069,25.256382,-1.4402744,30.18982,-17.71522,17.318172,-27.209526,4.339167,-20.059492,-10.695945,-14.220667,-5.1562176,-3.473266,-6.189413,-15.326929,-6.845921,-9.82767,-13.943093,184.5703125,0.13591797649860382,1536.7310778930728,Sad
-171.8102,120.280624,15.327537,21.09045,-5.4192963,24.189465,-24.138222,18.551981,-22.348904,1.3031775,-20.763931,-4.9888525,-17.118925,-7.8865337,-15.308929,-9.351313,-8.913866,-8.52509,-14.333635,-19.933723,129.19921875,0.17330875992774963,1507.1047288496127,Sad
-200.19609,116.34013,18.00621,25.31356,0.29173443,24.192478,-22.255909,11.186425,-26.848732,-7.6384597,-24.889929,-12.015525,-17.017956,-8.120277,-11.956443,-12.609148,-14.181589,-8.206693,-15.028046,-10.327059,151.99908088235293,0.1977485865354538,1247.4080160193946,Sad
-328.68088,102.71113,19.895552,26.732681,7.151481,22.704802,-6.9743266,12.781994,-10.7257805,-0.43366086,-12.373165,-8.907054,-9.2401085,-9.106373,-9.001113,-7.6363454,-7.1891537,-9.366816,-4.469685,-3.6831248,123.046875,0.06912996619939804,1188.1011591132929,Sad
-192.69382,111.18816,21.37331,26.392143,-0.6483754,23.48088,-25.470797,16.924429,-16.979984,5.79015,-25.725246,-5.045352,-17.632244,-7.9208665,-15.150279,-12.345927,-17.235107,-7.7819333,-13.042012,-17.948872,86.1328125,0.16808560490608215,1513.5200525685516,Sad
-301.70715,111.53472,21.896408,16.14818,8.19624,22.085075,-8.614954,1.4815575,-17.084373,-8.345809,-17.013063,-10.57562,-15.689096,-12.605565,-12.253903,-14.553243,-10.10251,-5.7855344,-7.775144,-7.1861954,117.45383522727273,0.0858374685049057,1151.378029921571,Sad
-110.284325,90.705605,-2.528311,74.052734,-11.74677,39.214577,-13.1743,20.531588,-17.167608,12.827254,-21.434446,5.952132,-8.032605,4.243276,-16.482641,6.545287,-5.6936355,-3.6378522,-4.857603,1.8532673,172.265625,0.13483501970767975,2272.5176192636222,Sad
-107.18975,88.47057,-4.1777873,55.48549,-8.01038,38.416542,-6.402575,28.576523,-19.820787,13.252739,-19.239794,12.076225,-4.583088,3.789716,-16.9937,11.624961,-7.362245,-3.6578155,-7.1791234,1.9747294,129.19921875,0.12912002205848694,2390.7715766040606,Sad
-159.56772,69.78482,-4.3918796,76.85114,3.9159086,45.167534,-4.867353,32.200516,-9.796341,7.8125114,-21.826967,9.68244,-2.5915892,3.3045382,-14.970442,10.23226,-4.08953,-5.8507586,-2.4700005,6.6611314,89.10290948275862,0.1109512597322464,2302.0756478879343,Sad
-109.195,100.62705,-8.620549,47.36422,-6.559237,39.620792,-8.523994,29.564737,-16.583515,13.170685,-24.20932,6.5919027,-8.641899,4.917566,-15.442783,1.5376118,-6.739273,1.4151818,-3.9658144,3.2878773,129.19921875,0.12724722921848297,2155.6312958781195,Sad
-109.53234,86.9265,-8.6249895,64.4895,-6.3060346,43.64582,-8.293103,28.54643,-14.08159,8.136635,-21.490427,11.0866165,-5.094468,3.9787722,-12.864778,12.342427,0.020585489,-0.7392383,-5.1304507,3.3071313,135.99917763157896,0.13617800176143646,2279.265543032408,Sad
-163.24313,89.78489,12.977459,80.69249,3.6667745,39.74513,-5.4003787,26.49867,-13.163736,2.7070131,-20.552906,6.0071898,-2.908132,-0.43483505,-17.545372,4.154168,-5.9900985,-7.8620358,-8.565295,1.8571713,129.19921875,0.14830446243286133,1739.0461604116053,Sad
-182.66501,90.68653,14.118146,67.55459,2.6876104,38.431614,-8.420627,24.123554,-13.787512,4.8449693,-16.676622,5.823079,-5.1492887,0.19378844,-14.486603,6.864802,-4.4448314,-2.9868777,-4.8211694,5.399324,123.046875,0.10253710299730301,1912.443629773089,Sad
-149.97588,93.640755,6.3362436,71.51115,-8.113177,36.21202,-9.784973,17.641598,-21.119003,-0.12590306,-22.200989,5.435663,-7.4677796,-4.3329644,-12.409764,9.624794,-5.02424,-3.7063131,2.3359406,4.1622434,151.99908088235293,0.11219596117734909,2013.3644495068743,Sad
-106.34815,102.64147,-20.172258,59.37521,-9.9672785,33.70612,-14.182175,23.516733,-13.329085,16.026072,-18.923178,7.8317666,-7.8003836,4.0504375,-11.348732,2.0717623,-5.7422748,0.46529803,-1.9167938,-3.1317527,123.046875,0.12392562627792358,2148.749819335174,Sad
-255.97383,110.82752,21.460571,67.588135,4.2883115,43.11846,-4.508348,10.442597,-8.718592,1.6548898,-20.587791,-2.4306738,-7.144061,-11.172763,-12.612459,2.7417226,-8.942421,-7.946157,-2.3538342,-0.71479535,123.046875,0.0885634496808052,1318.6237037811225,Sad
-83.00168,107.06744,-25.32368,57.122074,0.08129864,34.708904,-11.047215,20.53328,-11.220151,14.839782,-10.229966,12.542857,-9.772626,2.560521,-6.2987494,3.0084887,-8.717001,-0.32524627,-2.9847343,0.714617,135.99917763157896,0.18233932554721832,1945.6207939267476,Sad
-55.59663,114.9512,-37.06935,64.90438,-7.164943,15.254703,-16.23533,18.643576,-9.752286,21.46539,-5.6520977,12.78424,-16.537031,3.797079,-7.8952427,8.47764,-4.0678988,3.2060173,-5.1801424,-1.2800465,99.38401442307692,0.19665054976940155,1977.1089040094187,Sad
-225.30031,117.64152,-14.544607,64.80238,12.931657,19.029236,10.688534,9.883124,-2.382837,11.688009,1.5453439,3.0493674,-7.628483,-8.961092,-4.3512707,-0.0652848,-2.5532408,-3.436927,-3.8674521,1.3170226,151.99908088235293,0.09887826442718506,1443.2688618053005,Sad
-76.75777,105.77048,-43.208836,60.950108,-8.791271,21.246782,-12.877674,18.621216,-11.3991165,14.5500555,-6.057421,12.74034,-9.374366,1.3606244,-3.6204464,7.0045776,-4.063001,-0.26885942,-3.7049413,-0.4966115,103.359375,0.16826628148555756,2171.1586190945404,Sad
-58.0011,109.01412,-36.218388,64.04036,1.4301567,26.315119,-17.482681,20.431017,-9.543072,18.177134,-6.057144,13.878274,-11.2975645,4.668999,-6.410602,3.2177243,-8.079231,-1.7114849,-5.424766,-2.5814133,89.10290948275862,0.20081737637519836,2030.3725287964605,Sad
-98.69757,104.80118,-35.10867,60.695045,-2.8393273,22.231003,-7.8374567,19.03072,-11.578803,17.021759,-5.3873515,12.199111,-9.960819,0.35878798,-4.2613454,6.1379223,-4.8302402,1.4995236,-1.4942471,3.505638,135.99917763157896,0.1577526181936264,2032.1200141615245,Sad
-145.42917,102.859566,-12.542131,56.96205,2.2472625,26.607046,-4.2670345,17.337631,-7.9970355,15.232127,-6.937478,7.4603844,-10.468326,-2.3522398,-6.7850842,2.668579,-4.7798715,-0.9447567,0.03094277,-2.0021634,161.4990234375,0.13766218721866608,1810.9603368829592,Sad
-92.76854,115.340775,-35.060043,57.853596,1.8453195,26.61206,-14.544862,22.132044,-8.207086,11.007707,-5.644094,7.2728615,-10.202147,1.3271272,-4.106722,0.97495955,-6.550567,-0.6835875,-2.1250021,-1.5218053,92.28515625,0.17587894201278687,1886.705706255258,Sad
-95.45586,105.22937,-26.962673,60.836983,-4.847295,21.54521,-13.523774,12.135235,-20.232872,12.151344,-5.229753,10.264026,-9.45371,3.8617473,-10.19307,3.5859,-3.0982797,0.20068105,0.8410299,-3.420522,107.666015625,0.16195586323738098,2068.3276532886216,Sad
-86.25098,91.9421,-23.4035,68.2495,-3.8901281,22.742178,-9.895618,16.891766,-11.393833,18.429016,-7.011848,10.766728,-11.93729,1.0025737,-5.922303,5.314186,-6.139845,1.9491451,-5.0979905,-0.66548777,107.666015625,0.1699414849281311,2235.9219734301396,Sad
-67.805534,111.709366,-34.657303,61.34179,0.045181323,30.571093,-12.704327,21.166828,-13.13489,16.2878,-6.343271,12.295478,-12.483006,1.6834177,-5.147794,4.646902,-6.9180565,1.048274,-4.7390194,-0.6583496,151.99908088235293,0.19614176452159882,1946.5344115984576,Sad
-82.485886,94.17034,-27.139208,75.66252,-27.529984,35.589035,-20.298962,25.12132,-15.379855,11.346788,-13.402289,8.153384,-8.504351,8.285465,-10.359801,-3.460236,-5.226153,-2.5910985,-8.365252,-6.978115,129.19921875,0.14170721173286438,2503.952796432079,Sad
-144.99365,95.742805,-21.61032,49.62971,-29.898346,29.358599,-18.849941,17.890139,-9.674273,5.513567,-9.5545635,6.3690124,-21.091816,2.4598293,-9.537456,-1.4153433,-9.326942,5.140728,-8.113004,-2.449215,112.34714673913044,0.10619285702705383,2279.808618295741,Sad
-129.11397,72.11977,-7.765846,49.26091,-32.721977,21.608433,-27.374638,15.002842,-10.258775,12.437438,-17.034569,7.118173,-18.020405,2.9276602,-14.486264,4.0620627,-14.537421,7.2582917,-8.20802,-1.9981062,92.28515625,0.09628279507160187,2839.267572265232,Sad
-85.17353,88.81205,-16.331642,59.223236,-35.993603,14.391535,-22.306257,9.651896,-14.823916,11.181605,-14.808832,8.478195,-19.59089,6.4134293,-13.782541,6.1157637,-13.154796,3.934137,-7.6171,3.7527044,78.30255681818181,0.11736053973436356,2553.2225631938227,Sad
-118.37033,74.86732,-19.869467,46.947586,-32.569054,23.835136,-26.374111,17.692514,-13.826244,11.946739,-17.88878,7.555982,-22.900583,4.7644167,-12.797208,5.620266,-14.7387495,6.6824026,-9.169973,-2.2361934,107.666015625,0.10030478239059448,2816.7459196931127,Sad
-116.546364,97.444626,-13.895614,48.974857,-22.594566,27.76544,-20.240068,18.63935,-14.6516695,8.481434,-16.655897,11.001678,-13.869425,9.742047,-5.09433,2.6373725,-9.890765,6.1601152,-7.6891356,-4.8510084,161.4990234375,0.1104695200920105,2340.3362115325713,Sad
-95.46325,101.38038,-20.697004,48.66807,-30.27181,20.812761,-18.313585,14.14687,-12.79889,13.444282,-14.0782,7.732656,-19.232273,2.8622494,-9.816176,6.917916,-11.309343,8.943026,-2.960888,-0.9738648,161.4990234375,0.12903934717178345,2258.5305012842978,Sad
-113.19473,88.705864,-8.925187,49.48269,-34.573833,15.864125,-17.744791,14.710542,-11.202,15.367768,-15.07657,8.747663,-18.63179,5.4699717,-9.263917,8.01712,-9.552175,5.871999,-4.401514,3.614706,161.4990234375,0.10304808616638184,2513.747081320468,Sad
-121.42954,96.12303,-19.616804,48.020565,-38.80819,24.758064,-32.945824,8.104195,-17.81152,6.113286,-19.998335,6.7939243,-19.34066,-0.1092119,-12.248764,-4.9202304,-10.407991,-2.0489688,-1.7652129,-3.9528494,78.30255681818181,0.11654019355773926,2370.9632922676196,Sad
-133.0444,105.72737,-22.146265,41.81865,-26.996668,19.124523,-26.56932,19.24604,-15.334524,6.9896555,-10.818551,6.7937427,-11.729829,4.40094,-6.044507,1.9662837,-12.326304,3.2550435,-8.811428,-3.3753583,143.5546875,0.10612648725509644,2159.5483196611644,Sad
-89.391495,93.78779,-14.57109,54.391533,-33.51502,19.421158,-19.763674,13.022463,-13.869494,14.611718,-14.970264,10.589299,-18.023413,6.658279,-10.205867,6.529359,-10.848846,3.3216321,-6.1875305,2.9994206,73.828125,0.12049466371536255,2429.3359591758494,Sad
-118.68192,87.62362,6.558794,45.09805,-38.915707,20.813005,-26.863337,13.798009,-17.23861,5.1101575,-15.709853,3.981842,-27.549044,3.04777,-15.956566,10.867772,-12.65191,2.8237092,-13.335965,-4.3752894,103.359375,0.10387337952852249,2595.2893633321164,Sad
-30.129288,103.7448,-19.765732,56.411625,-12.72487,20.194227,-17.348097,16.309156,-18.444427,8.932052,-11.661623,11.210427,-8.851257,9.101229,-3.5740461,4.384886,-2.8308275,4.726117,0.4824234,1.4773945,99.38401442307692,0.2596552073955536,2094.775833910308,Sad
-56.03289,87.84067,-1.6012412,41.205364,-5.620271,27.784927,-24.002584,21.768122,-18.42899,12.328123,-13.717034,11.850821,-3.9822721,7.09853,-4.468587,5.122545,-6.652361,5.8714576,-3.6964025,-1.9647617,112.34714673913044,0.19690310955047607,2515.8691600222824,Sad
-86.33548,92.7005,-15.399187,54.05201,0.8667875,31.560293,-14.622711,23.325447,-14.978637,15.339354,-7.0493617,12.182225,-6.110912,7.021336,-5.8126974,7.440921,-6.0741916,3.3776991,-4.2786126,1.2500929,117.45383522727273,0.19203044474124908,2225.1768658281667,Sad
-52.701164,74.455414,-18.715458,56.307217,-3.9593265,31.98716,-16.45779,22.41769,-12.262029,27.228352,-9.233885,7.8071027,-10.567175,6.944951,-9.136492,13.022678,-9.85732,3.6924515,-4.954326,4.4225,117.45383522727273,0.2189701944589615,2645.5300364910313,Sad
-29.039146,104.53732,-30.978956,38.15443,-7.991592,30.89167,-20.596235,25.83078,-12.959671,16.941612,-12.263683,10.786708,-10.564546,6.8762565,-10.298928,6.96821,-10.256611,0.7044424,-6.006501,1.3486158,99.38401442307692,0.24310125410556793,2206.7704721917903,Sad
-2.5510163,101.25788,-33.92729,41.518402,-13.815158,31.920723,-21.8686,24.458948,-15.881364,15.794475,-14.372411,12.50744,-13.373969,6.1127505,-9.069671,5.033296,-11.333126,3.1684957,-4.5717015,-4.0338807,123.046875,0.25794896483421326,2333.716389709888,Sad
-3.5590715,92.92779,-25.118544,45.18721,-10.871894,31.86242,-18.057922,28.628012,-10.234054,14.673487,-14.906988,14.751648,-15.609781,9.549894,-14.798732,2.0748363,-13.824648,3.5714698,-5.971642,-1.6474384,78.30255681818181,0.2707482874393463,2443.2389164951205,Sad
-54.747242,119.48588,-34.86474,37.537148,-15.886235,22.081097,-14.668315,18.534313,-9.643758,11.258853,-11.732052,11.539119,-6.4307194,1.7856675,-5.876253,0.38029101,-9.063585,-2.0153258,-5.4169693,0.028836029,117.45383522727273,0.24234187602996826,1827.1513096464714,Sad
-26.955238,107.34024,-46.812206,40.932655,-21.469862,24.816854,-18.9477,15.260987,-15.0442505,12.270949,-15.239539,14.331287,-13.830045,7.565649,-6.1833706,0.33221087,-6.835121,0.97067875,-7.571379,2.9214709,103.359375,0.2481762170791626,2116.8942510812694,Sad
-29.400257,108.69148,-25.589895,38.440144,-18.353867,21.7857,-25.172714,22.406967,-17.606058,14.675623,-12.086358,5.462191,-7.70603,7.410018,-11.327915,7.2359223,-9.470523,1.9366981,-6.331344,-1.3017333,123.046875,0.251253217458725,2141.332015271235,Sad
-19.893549,98.89588,-24.47666,49.585854,-16.200876,30.19781,-18.029512,27.554832,-11.405636,14.877994,-8.908682,11.671263,-10.886021,9.310545,-5.8320613,9.2586565,-4.0494967,3.251027,-3.4661639,2.3792586,135.99917763157896,0.25118035078048706,2314.8192389666888,Sad
-38.994843,112.03825,-31.817707,38.240677,-6.320669,23.330563,-18.778877,23.932188,-10.934216,13.2348585,-14.38119,13.326929,-10.922001,9.794659,-5.0327086,7.2013955,-6.7550354,2.6630874,-4.382442,0.41451108,112.34714673913044,0.23509325087070465,2061.202741434345,Sad
-180.14874,131.41078,0.5733359,43.165672,14.135556,25.621374,-5.315874,12.034328,-13.538714,-1.0941217,-7.614392,2.7180743,0.774272,1.9981464,-6.0900593,3.488055,-8.33755,3.2056522,-0.93039954,-2.2530375,143.5546875,0.15017585456371307,1312.3500760815823,Sad
-212.8154,139.06923,9.454342,35.44627,12.709544,20.417665,-5.5739536,10.893662,-8.731713,8.055455,0.1637972,2.6417468,-1.0257348,-1.4032178,-4.7048326,1.1418109,-9.476274,-2.190912,-4.0981097,-3.3432798,123.046875,0.12492372840642929,1245.581771913736,Sad
-155.51651,125.655754,1.5753217,45.82987,0.9089945,25.39124,-10.813493,15.574149,-11.929207,1.2717781,-6.6615033,-0.7791248,-7.7492247,0.41930738,-7.0296316,4.0091085,-6.2660284,0.951334,2.0064611,-5.7357626,172.265625,0.15801171958446503,1441.9992540972155,Sad
-194.27951,151.85118,-1.1928879,39.1946,16.582485,18.252386,-1.399161,14.87771,-11.616781,2.4488766,-5.0791736,3.9416006,-0.9037844,0.63561094,-8.353415,-7.5132494,-8.047445,-5.4091463,-2.5346594,0.12955056,172.265625,0.14201056957244873,1006.8779768813247,Sad
-346.88687,139.24796,24.084862,22.264015,18.64784,11.657903,9.017679,6.977828,-2.023301,5.420398,1.6508169,-2.3530061,3.193639,0.7052995,-3.092132,-2.1101782,-2.2120807,-4.5766625,-4.726689,0.05927541,107.666015625,0.05277162417769432,798.5684450379811,Sad
-177.48735,115.33375,9.963014,54.05621,7.6156206,28.31573,-9.070212,20.05844,-15.0455475,6.222492,-5.688931,1.3798958,-5.8435063,5.0113225,-0.75529695,5.057277,-5.084398,-2.7971687,2.4293883,-5.3729057,143.5546875,0.13184188306331635,1613.4333911575961,Sad
-236.38347,161.695,-1.1533346,27.288706,9.581352,20.619047,0.23412775,13.796686,-0.5009199,10.18543,-4.454619,5.5080886,-3.7167218,-0.89152694,-4.904812,-2.8723423,-3.7585263,-3.3457856,-2.4161057,-3.7838302,63.02400914634146,0.09938009083271027,991.1502533354555,Sad
-332.30798,128.08076,28.825216,41.83606,31.234665,23.35822,5.7872233,8.996202,-3.8611279,3.739,-0.86905843,-0.43693066,1.4746557,-1.5670478,-0.8314689,2.168971,-3.891913,-4.1972795,-5.9321833,-3.447435,83.35433467741936,0.0630437433719635,918.3602069536548,Sad
-350.3589,169.54633,31.780231,16.713755,28.661758,19.24909,7.8467,10.039794,4.742695,2.9156225,3.8965418,1.8103496,-5.970981,-5.258748,-0.2288824,-1.7753276,-3.7088392,0.17516917,2.0766783,-2.892004,58.72691761363637,0.06589096784591675,570.1506880585581,Sad
-206.28116,126.62033,10.590663,43.21572,12.4949,19.413662,0.35196796,12.730945,-4.5792894,4.058012,-4.4092126,3.663423,-1.4560472,-1.7015551,-7.1546535,1.1864165,-6.2258005,0.6012725,-1.6042643,-0.53922,103.359375,0.14092092216014862,1239.6879986706629,Sad
-130.58153,139.9749,-1.2707361,39.310425,-6.3536644,19.767843,-11.213425,27.243687,-16.53454,7.0218787,-1.2004069,1.6136363,-6.6290407,4.952462,-1.633869,0.9539638,-4.84161,-5.970589,-2.78672,-6.4928164,135.99917763157896,0.18706326186656952,1388.4454872380973,Sad
-314.58218,139.91444,11.862516,30.102106,-7.5390363,14.907039,-2.6808991,6.7015443,-6.395509,2.8176138,-11.706482,2.063028,-11.438629,-9.510527,-15.186691,-9.362389,-5.6654944,1.5621172,0.8971251,-7.9567275,143.5546875,0.051327649503946304,1132.5184226709684,Sad
-148.6477,145.73776,-9.363346,48.451443,10.54387,18.014605,-2.6345782,16.958082,-11.506824,8.731703,-8.173254,3.2235358,-0.67975885,-0.73018533,-6.8214393,-3.9379206,-15.737845,-5.5963683,-5.797906,-0.04746778,117.45383522727273,0.19820396602153778,1236.606352338598,Sad
-90.70722,100.1076,-23.924427,52.588303,-20.928015,31.502182,-11.213113,20.094328,-10.915236,17.563923,-14.097334,12.994508,-11.420426,2.911845,-12.017497,4.827647,-11.16541,1.1622108,-3.9213326,3.2532017,123.046875,0.12533903121948242,2310.1410834053418,Sad
-177.19162,136.2142,-26.910713,36.37278,-18.759426,20.905872,-1.7765749,3.0159326,-5.5994096,5.6345954,-8.114802,5.645384,-10.786549,-2.4161382,-6.942407,-2.508999,-5.207821,-3.4113264,-3.249949,-2.684024,92.28515625,0.10503795742988586,1538.9317922233738,Sad
-268.18002,135.68788,-34.07107,25.634863,-12.970324,17.894695,-9.997608,5.629224,-14.146461,7.497625,-3.9705248,8.258684,-1.3527373,-0.3773992,1.0275255,3.8083541,-0.30203092,1.7795614,0.89097947,-0.8330715,95.703125,0.036243971437215805,1505.3776997189866,Calm
-324.09195,133.59413,-25.021385,24.567686,-11.939837,17.660225,-5.5225825,1.7202383,-10.571335,-0.85086757,-7.797244,3.5256078,5.046798,1.3635533,3.003167,-3.1203182,-4.2890625,0.5890151,2.8685892,0.3691809,112.34714673913044,0.03061455488204956,1360.5964481029573,Calm
-235.30643,141.13675,-34.679047,30.99717,-16.400242,23.120686,-11.043703,7.6586432,-19.017239,4.2365456,-11.835343,8.918064,-1.442469,4.2884493,1.4757489,3.1938703,-1.314238,2.9318144,-1.6683867,-2.8998587,99.38401442307692,0.0438406728208065,1490.0147947114058,Calm
-326.89987,127.39418,-30.584469,37.475746,-5.291166,20.806988,-1.7857137,-4.6031647,-4.048745,5.2380347,-0.6428717,2.8008628,7.245895,3.9837852,-2.390974,1.4819995,0.58346105,-0.60632175,2.334065,2.6522102,71.77734375,0.029436051845550537,1526.560670734666,Calm
-259.96228,118.93238,-35.60653,31.990017,-16.535492,10.620698,-15.65591,7.4423375,-5.8104644,8.268948,-18.018595,-1.1994922,-6.346673,2.766038,-2.5898237,4.387975,-4.1366515,-4.7818193,-4.776668,-4.6100764,161.4990234375,0.042288221418857574,1705.7324266471087,Calm
-264.2774,138.15092,-30.101551,37.82423,-7.180178,6.7829347,-11.8189,4.712041,-9.843632,5.8637476,-9.573777,2.6703959,-4.796442,-1.403382,-2.0961947,2.9775221,3.3557787,4.811315,1.7625698,-1.8270731,143.5546875,0.043250638991594315,1431.542306293269,Calm
-295.74353,134.53831,-22.449306,40.759247,-5.8759804,9.276347,-11.875942,6.2949286,-8.86693,4.4062896,-9.378154,4.06138,1.625683,5.1374664,5.440424,2.281029,-1.8154349,-2.9235117,0.13862076,3.1956723,99.38401442307692,0.03322203829884529,1372.8214993768145,Calm
-286.86823,135.91835,-24.436617,36.66117,-6.2452145,6.9629345,-8.168272,3.8440666,-4.398346,6.4327865,-4.1305766,1.549041,-4.3528376,-3.0135415,-0.005728329,5.6492386,3.429659,2.8336725,1.0971845,-0.2909147,215.33203125,0.040846772491931915,1358.926260249797,Calm
-292.15292,127.763664,-29.909023,37.442085,-9.556902,5.1130486,-13.823929,7.0317283,-7.032632,6.4920025,-9.904401,4.713663,0.3748316,1.467897,3.3925846,6.0727816,0.96153104,-0.7544364,-2.0979447,0.75958496,135.99917763157896,0.03403140604496002,1516.6480402419818,Calm
-356.14395,139.79286,-6.286765,43.188293,-8.879337,11.050314,-8.393051,4.41852,-8.283711,8.682832,-8.135776,3.4271078,-1.4406312,-0.4118333,-1.7198923,-0.29489475,-0.6548903,1.156577,-0.6220706,-0.25813478,234.90767045454547,0.0237893033772707,1216.426225125279,Calm
-315.04453,128.73926,-28.93491,30.839514,-8.996638,7.9901075,-9.846989,1.441412,-8.973623,6.049842,-3.320935,7.609508,3.7989612,2.9383376,1.8396777,5.2037983,1.0788432,0.14129521,-4.532043,-2.3126302,103.359375,0.029503611847758293,1497.076295694056,Calm
-385.26587,177.27786,-9.337663,24.373219,5.805441,-4.563062,-6.356949,-6.9578943,-4.127428,3.8580673,-0.3582023,-0.9461218,-3.67056,-2.0986044,3.6447048,0.7326292,-1.2266604,-0.7459249,2.7860498,1.5408988,151.99908088235293,0.021498119458556175,949.3765619854879,Calm
-362.71387,143.93861,-18.981813,30.657846,1.0281465,0.2848452,-7.9897437,-3.8509774,-8.94467,3.2497702,-4.4546375,3.649625,4.933547,3.2838128,6.360601,6.0672398,3.850726,-0.24739736,1.1675682,1.7840002,95.703125,0.0314069502055645,1179.9891396444557,Calm
-343.13556,140.08688,-20.911034,32.33219,-3.6868103,2.9435575,-10.66953,0.31910303,-5.784346,7.688079,-3.6771073,2.553818,-3.4980676,-2.2409534,-0.8364202,0.87891966,0.47355586,0.9455657,1.869418,-0.6390268,129.19921875,0.03172163665294647,1388.2456582676334,Calm
-324.6391,147.82701,-31.937817,27.408855,-4.508828,-4.1651044,-12.588299,-5.118296,-7.741826,0.8432943,-8.195583,-0.82244694,1.0045002,3.6744754,6.201359,4.7141476,-0.044552878,-2.3374503,2.2290115,-0.55090636,143.5546875,0.03160187974572182,1279.5500532331514,Calm
-449.51437,124.973625,-19.919233,27.45221,-5.775594,2.2272975,-6.5527916,10.601105,3.3547378,14.393793,1.9887378,5.2502837,4.4267945,5.072792,7.1730843,6.192042,7.1587806,3.852237,2.6193507,4.9503307,83.35433467741936,0.011429042555391788,1371.6170328582264,Calm
-482.67636,154.86115,-5.025982,29.73767,-1.8687444,8.223097,-4.7659545,9.646515,-3.3353899,4.5322237,-10.103474,-0.666713,-2.4448438,-0.16459103,1.8707215,3.4802005,3.3868608,1.1131744,1.2773035,-0.6721353,99.38401442307692,0.008008791133761406,1054.4585145386827,Calm
-311.51123,148.66138,-33.509113,10.361734,-12.907805,1.2325779,-12.908663,0.8045732,-9.738699,2.0689793,-5.106063,6.7442927,4.6157765,3.765486,1.2712039,1.2486948,-0.08448584,1.4975204,0.37977076,-2.9951377,89.10290948275862,0.03737134858965874,1358.9070916597766,Calm
-405.6831,145.69487,-0.8267263,23.067648,9.225309,-2.6439385,-5.750473,-2.0919254,-0.6470631,6.759229,2.807608,2.446449,5.084673,2.3814902,1.8640759,2.5028794,1.527922,-2.2602878,-1.4472849,2.6102087,161.4990234375,0.018668027594685555,1158.0012026973075,Calm
-475.86765,141.53087,-8.475216,33.992065,0.5255779,6.034853,0.027931426,9.537156,2.1625168,7.0820994,-8.048426,-0.10827344,0.78827393,3.8774939,5.3098726,4.664308,6.8744106,5.3992834,1.0468252,-6.4937115,95.703125,0.0079903369769454,1184.5272815945475,Calm
-300.9405,161.08626,-24.240719,27.966187,-2.8622553,2.3875618,-11.273426,0.22528133,-6.841877,6.0946074,-8.138311,-1.8053259,-4.110151,-2.0455983,-1.6021351,0.64826363,1.4507606,-0.22119519,-1.2912163,-7.10176,143.5546875,0.038409098982810974,1218.4372978528554,Calm
-278.22952,147.87563,-31.567955,20.35228,-9.5826435,-6.244679,-13.601204,-0.66615546,-7.274475,1.0198699,-11.758481,-0.9619851,-2.2164094,-0.5725286,1.8691949,5.144384,2.624588,0.8245021,-1.6428111,-0.10273464,135.99917763157896,0.0454455241560936,1371.3696318927568,Calm
-278.78244,160.01924,-28.398981,23.062634,-2.6952755,3.0099838,-11.293977,-0.50866985,-11.364047,3.1734755,-5.1071954,4.339189,-4.0708914,-0.15333019,-1.6684712,1.6420276,1.0030911,-0.7636376,-3.8361166,-3.5538943,107.666015625,0.0478903129696846,1211.2151185706325,Calm
-406.96542,163.13947,-2.4138153,32.456657,7.907838,9.677142,-5.489042,9.523497,-3.1028214,10.209687,-10.385391,-5.3867087,-8.080066,-2.0579,0.3721493,3.411156,3.4882953,7.39557,6.4349704,0.1809365,95.703125,0.01712404377758503,983.7618406456091,Calm
-223.17725,163.24625,-34.416225,24.187868,-10.304307,3.2287347,-12.884593,0.8050692,-14.284255,1.6726214,-10.143485,0.24415678,-4.5451045,0.10906288,-2.8684523,1.3458035,-0.34404284,-1.0627354,-1.0944881,-8.057165,151.99908088235293,0.06666339933872223,1253.1322234388265,Calm
-221.28345,173.33664,-37.456543,24.362452,-8.687614,3.3857913,-12.841176,1.0815359,-15.328135,0.42323717,-9.623609,2.2928092,-4.4855638,0.3625778,-1.4866271,1.8132918,0.22892374,-0.96528137,-0.48393935,-6.2636614,129.19921875,0.06411320716142654,1184.0658218421831,Calm
-319.33237,143.66473,-31.164366,10.908863,-5.5538907,-4.265031,-8.95256,-5.5834894,-8.020538,2.3426132,-4.4772716,-0.31978709,0.97486126,1.1464473,-0.48819205,-1.3061252,0.13897365,1.4960654,3.7090788,3.0729024,161.4990234375,0.038869526237249374,1278.574558748878,Calm
-366.25018,181.5994,-5.5262704,27.008371,-4.8321323,4.6107154,-10.542602,0.16762118,-11.139511,3.584806,-10.332784,-1.078434,-4.5973077,-0.47885707,0.83569175,0.25169614,2.1313152,0.69891196,1.0251923,-3.0680041,135.99917763157896,0.028412971645593643,901.7856877463795,Calm
-228.95734,153.97128,-30.685278,20.8126,-6.08023,1.1724141,-10.788692,-3.8824687,-11.589583,0.88214755,-8.279238,-0.72677445,-3.104451,-3.4343467,-2.6240342,0.722561,-1.9660418,-2.5158808,1.5716059,-1.4897673,161.4990234375,0.06258048862218857,1313.7853629984959,Calm
-297.24658,130.27441,-30.589977,27.486969,-7.0549927,1.9900564,-11.125771,4.752086,-8.771535,5.415232,-5.375333,4.4642715,1.7346498,1.8842248,-1.3122158,1.0872452,-0.9889347,-1.466127,0.63026506,1.1544707,135.99917763157896,0.04157528653740883,1558.898531652357,Calm
-315.67807,149.66841,-30.59499,23.221498,-8.699831,-10.104396,-15.733574,-4.047281,-7.652163,0.04623177,-11.143897,-7.67045,-5.870634,-4.8649726,-5.1484585,-5.4147186,-3.167382,1.4542388,0.13058141,-4.1758366,117.45383522727273,0.029729722067713737,1243.720620928661,Calm
-374.0075,172.44234,6.402986,20.150894,5.8518014,1.5909549,-6.710564,-1.1913427,-0.29050222,0.33312553,-6.55182,-7.3002505,-7.3283706,-10.215596,-6.1451335,-2.4330475,-2.6743848,-2.281908,-1.1540519,-3.8159146,112.34714673913044,0.026797184720635414,822.4267361319853,Calm
-498.60873,177.52312,11.209716,27.63433,-2.8418257,5.090956,-6.604385,-1.0570544,-4.144494,-3.0533733,-9.90994,-8.573808,-9.189357,-11.935739,-9.192498,-10.894249,-8.854792,-3.9375076,-2.3939705,-2.2963572,103.359375,0.008043456822633743,792.835553815877,Calm
-429.10315,120.74545,-1.6823534,17.948557,7.7335906,-2.0437236,-3.9417446,-2.536047,-0.5834436,-0.79653704,-9.051198,-3.6899388,-0.9829523,-5.0013146,-3.811294,-2.4115164,-1.8980622,-0.3137711,3.4164834,3.1428828,95.703125,0.01235747430473566,1128.3232351038566,Calm
-309.24283,138.64113,-29.713259,33.618786,-0.37825716,5.2437377,-6.3323126,3.2807326,-6.714091,-0.6922031,-13.243885,-8.528504,-9.668247,-4.2979574,0.25033692,1.0183245,1.9202209,3.7188308,2.5588636,-4.925927,123.046875,0.038916073739528656,1369.6932279666041,Calm
-319.78223,165.98755,-11.918571,27.240343,7.8435597,1.7273004,-7.849843,-2.412085,-2.9088757,-2.5311306,-11.365741,-4.6136103,-4.487359,-7.4551673,-5.5800185,-1.8725945,-1.2823328,-1.4261755,-0.48846737,-4.1007814,151.99908088235293,0.04057171195745468,1016.4245653368089,Calm
-419.26315,127.44508,-3.7823565,23.200216,-4.3346996,4.030428,-8.209103,-7.6188607,-7.075689,-2.9239516,-7.409898,-5.437336,-9.099495,-10.619322,-5.7393737,-0.39309853,7.029701,5.593248,-3.4755454,-5.1741652,107.666015625,0.016008371487259865,1281.8143785370296,Calm
-275.37598,125.30793,-41.05129,24.607311,-4.7889285,-4.2538486,-15.021034,-5.045092,-5.0018373,2.4730597,-10.894702,-8.017638,-5.1663785,-4.6154666,0.7097465,6.5204744,5.9003935,2.6877103,-2.0309052,-8.056194,161.4990234375,0.04150091111660004,1534.2936138496057,Calm
-276.03903,146.35081,-36.59162,24.200796,-2.5551608,-2.1697466,-13.303983,-6.504971,-9.398983,-3.1274786,-11.537067,-4.1871166,-1.6895955,-1.5234596,-3.192893,-1.764735,-2.2486403,-3.538693,-2.989189,-3.294925,151.99908088235293,0.04430226981639862,1279.1711367505459,Calm
-409.53445,116.80004,-16.164232,11.717685,0.7060147,6.006949,-4.2744565,0.4954767,0.43389037,12.597706,-1.1140983,-1.1403234,4.957852,1.7595057,-3.9088554,3.505475,2.7971115,3.102605,0.66038114,-0.23965228,161.4990234375,0.012813881039619446,1633.409673177342,Calm
-358.65674,129.08748,-30.39764,19.88953,-10.38638,-0.652045,-10.611144,1.542054,-3.9753864,1.8689039,-8.833539,-7.1676545,-8.212757,-5.9410625,-0.11584019,4.27639,8.967238,12.802729,14.691521,11.507997,107.666015625,0.01974106952548027,1396.6924270627298,Calm
-368.46594,124.26599,-31.582449,17.601763,2.3229303,-5.949597,-11.807773,-5.547481,-5.407888,-1.3051713,-8.427182,-3.613824,2.2061696,-0.045435477,0.23757197,2.5061414,3.0928502,4.838548,6.225342,8.735003,123.046875,0.02129671350121498,1329.2649559947513,Calm
-160.33943,164.12074,-48.87504,1.5913547,-7.591044,-2.631471,-11.077547,-7.0276327,-8.120849,1.2311882,-5.4963484,-4.222176,-5.458137,-1.7106261,-3.087998,-1.2898568,-6.0987673,-0.9284121,-4.041814,-1.5555356,198.76802884615384,0.13462316989898682,1327.3486451321814,Calm
-249.54944,161.56836,10.129534,-3.0705643,-0.59651756,-2.0836587,-12.191772,-8.60149,-14.638914,-12.049384,-12.30034,-7.1745577,-7.891679,-2.082466,-2.9097533,-0.8680995,-3.9725292,-0.88429385,-3.9836187,-3.8915737,129.19921875,0.11537951976060867,1063.472218094083,Calm
-402.22232,154.00491,-15.211341,15.294042,-3.0777786,-3.1944375,-9.778082,-17.310207,-12.3065605,-7.9146423,-7.0827584,-0.28117207,1.5458186,-1.4655559,-1.7400693,1.8587352,5.0292315,-0.74109715,-0.13983287,-2.8593116,80.74951171875,0.01792784593999386,1181.5125561645536,Calm
-170.8866,157.03914,-21.966076,5.244653,-4.092412,-3.6912694,-8.810494,-4.8575964,-7.874582,-5.4110103,-9.373978,-6.623614,-7.811286,-1.4611746,-3.591133,-2.8573444,-3.9215784,0.20077217,-3.4326358,-0.8309016,184.5703125,0.1385897547006607,1175.9242233254756,Calm
-85.26499,118.42306,-31.47277,20.282015,-4.4177094,6.9225984,-10.950942,-1.6200851,-7.367902,-3.0172997,-4.4372015,-1.4064466,-4.246369,-4.164333,-3.9796493,0.2765607,-3.3924837,1.6937985,-3.6853893,-3.4415329,129.19921875,0.11510277539491653,1878.7740300458224,Calm
-436.8423,154.1132,-19.859339,20.183603,3.1647444,0.4463925,-6.5306387,-4.6033382,-10.0562525,-6.1532865,-4.5294433,-2.7835944,-5.23532,-7.384834,-6.99331,-3.1899664,-0.35129866,2.226785,2.57254,4.4761767,123.046875,0.009494158439338207,1173.9310654516082,Calm
-123.763306,148.43001,-21.551395,17.444748,-1.408804,4.1782947,-6.9904447,-5.1033363,-5.7957006,5.0631213,-6.247765,-1.9818286,-0.96844095,-2.4530773,-4.3262076,-0.8754565,-4.704871,-2.2297258,-5.1409345,-3.2070842,172.265625,0.16088607907295227,1516.0858565701667,Calm
-98.35358,98.3555,-20.490532,18.820034,-2.095781,2.6650372,-7.3115172,-3.5901136,-7.989524,-1.9183743,-4.731997,0.6237759,-2.5930846,-1.4701573,-3.169344,0.6580323,-4.818465,-2.221544,-3.8104963,0.23409155,103.359375,0.12373418360948563,2224.8938399288413,Calm
-449.6218,151.50313,-12.74668,44.27039,6.244759,4.053898,-1.4805393,-1.624076,-2.4867768,-4.282386,-9.653202,-1.3421049,0.14638375,3.7282507,5.2857785,1.2080818,-2.3039155,-4.1256194,-1.8161489,1.2358323,107.666015625,0.007965068332850933,1170.1422672261847,Calm
-230.27237,119.15338,-1.0512242,28.384487,10.00878,16.125822,4.793946,6.1923785,0.9515957,5.9151874,-1.1755238,3.5739167,-2.0996544,-0.90729177,-1.8530506,-0.0061340095,-2.7977016,2.3327787,-1.4417099,2.738794,135.99917763157896,0.08052823692560196,1527.645526264714,Calm
-186.42809,86.65457,-15.711971,14.741792,-2.2158978,6.271489,-0.8879223,0.6650469,-6.0883217,-5.213674,-7.8659334,-1.7187315,-4.7045016,-2.0543664,1.4163773,2.764351,3.301296,3.110024,-4.4082932,-5.0353703,161.4990234375,0.05548110976815224,2411.9327529379098,Calm
-119.304375,149.57779,-43.31768,24.636248,-5.609388,10.784379,-2.892694,0.78330255,-6.5456386,4.388039,-1.2940494,1.3600911,-1.0813606,-2.439028,-1.9371481,1.2953314,-1.3851025,1.040794,-5.6063004,-1.9899353,215.33203125,0.13980983197689056,1465.595382672086,Calm
-106.22088,127.37078,-45.286133,31.277216,4.30544,-5.068433,-16.129375,14.690696,-7.912098,-1.2216623,2.9819396,17.464767,-4.0720086,1.7858331,0.59456587,4.6090927,-9.991413,-3.341979,-3.1053748,1.9085141,95.703125,0.17533352971076965,1712.466255822982,Calm
-484.0267,144.1299,1.3964738,8.075531,4.933926,-2.3170042,-2.7469437,-6.8448114,-10.147138,-8.056599,-7.1516705,-10.563926,-7.787432,-2.953303,-0.26718092,4.28538,5.3024383,0.19885693,-4.5307984,-1.880283,78.30255681818181,0.01304979994893074,1079.9035739320498,Calm
-81.13433,129.09853,-42.53483,33.17631,5.6636167,-6.4022493,-2.2610986,7.3734436,-18.71801,2.4979706,3.7862809,1.9323547,-10.066779,0.94372183,-3.5698192,-6.166297,-8.030749,3.77427,-5.029473,-0.85415226,95.703125,0.18984760344028473,1680.101088819283,Calm
-367.15607,112.80696,-18.747368,10.16273,-1.6047248,3.8029535,0.9223538,5.067149,-5.3725705,-9.522553,-8.495645,-1.7838283,1.2991321,-3.8675706,-2.6413093,-1.0574459,-1.2753583,-2.5051804,-2.569393,-4.0697618,107.666015625,0.016770323738455772,1751.7302668488421,Calm
-349.95245,161.85112,-3.3711889,14.167042,5.7339725,3.5160558,2.9774911,-7.090642,-7.917532,-0.36460117,2.8495579,-2.4810457,-6.7919483,-8.835341,-6.662253,-4.9016824,0.09311981,4.2603326,5.0968914,2.610582,143.5546875,0.02998761273920536,1137.9529528789749,Calm
-197.15273,137.3531,-34.18893,25.362162,-5.2665973,-2.777788,-9.506929,-7.6099863,-7.6446853,-5.6678395,-4.386777,-5.4302173,-3.5417912,-5.667922,-1.8943717,-2.8863933,-3.475987,-4.022116,-7.300359,-4.2040553,117.45383522727273,0.06915130466222763,1551.8652270368914,Calm
-166.43155,122.135544,-32.106792,16.685278,-5.4006796,-2.487123,-9.832806,-4.9005094,-6.974422,-4.571057,-6.6684146,-5.4972816,-5.3725696,-4.9623013,-2.791163,-3.1922195,-4.085201,-3.5495975,-4.6303477,-1.165406,123.046875,0.06874039769172668,1803.525958968436,Calm
-274.38638,148.3534,-20.334354,21.812437,7.930837,3.7759368,-2.2328162,-6.1013494,-5.629294,-6.689498,-5.906605,-4.5949993,-1.5465237,-3.0266495,-4.6958466,-7.7213106,-7.2142706,-5.40659,-5.2479424,-5.2739983,151.99908088235293,0.04817867651581764,1322.6998486991345,Calm
-305.4226,135.9234,-11.752712,18.215021,10.38905,3.0129585,-5.5959153,0.14172545,-1.3495618,-1.8677533,-3.2052636,-6.742522,-2.6944177,-5.5971813,-4.52364,-4.7845087,-5.3687053,-2.6217136,-5.8361917,-6.929955,89.10290948275862,0.03892679885029793,1474.8137600109778,Calm
-465.86432,180.2054,56.636234,11.02556,5.8447804,0.7319183,-3.974208,-5.888048,-8.464273,-9.792967,-7.6927004,-3.2534184,-1.8652483,-4.0191536,-4.109025,-2.4697335,-2.3577724,-2.9964192,-3.223165,-1.7109013,95.703125,0.020152481272816658,690.354003458877,Calm
-498.68024,145.66777,46.47074,15.253132,3.067774,-0.825745,-5.210668,-6.1987047,-3.8057752,0.08864185,2.7183187,2.2182074,0.24392757,-0.45965156,-0.87284726,0.5873403,3.2759447,2.2999613,-2.5685794,-4.8113203,89.10290948275862,0.012561124749481678,1118.5116673005261,Calm
-421.71588,172.793,28.108295,-2.576975,-3.565678,-4.865174,-8.889885,-10.696762,-7.6852007,-7.9576297,-7.334867,-2.717175,-0.9175329,-4.206839,-8.415388,-8.393858,-4.12809,-0.41836646,0.08662483,-0.26054728,123.046875,0.029191138222813606,828.825494001674,Calm
-429.35043,175.13577,31.91132,4.2821155,1.0457518,-5.7668777,-9.477815,-11.283073,-10.581982,-8.664747,-6.3338895,-1.6819392,0.81892645,-0.18230265,0.035870437,0.20540485,-1.8460839,-4.415224,-4.9679823,-4.601114,135.99917763157896,0.03171597048640251,795.1394730921776,Calm
-413.57153,143.4208,31.354317,14.031839,1.528158,-2.2939951,-6.4803367,-8.104997,-5.9279113,-4.468454,-2.7899306,-0.814875,-1.2128332,-2.3862698,-3.8151696,-3.519501,-2.7149515,-2.386343,0.621123,2.6633341,143.5546875,0.03167726472020149,1117.9494607534948,Calm
-234.41783,130.25517,-39.531147,19.335638,-6.793274,-5.1301126,-3.707368,-4.0360165,-5.071878,-1.3683323,-7.73577,-4.382001,0.46520522,0.7849735,5.4507375,8.774231,7.0391774,2.416,-2.3088343,-0.24569996,83.35433467741936,0.057378534227609634,1559.8986812117996,Calm
-321.1795,136.29669,-28.299364,31.01146,0.5664157,0.23202676,0.6554856,-1.3426684,-0.057696976,-0.42475155,-6.180906,-0.14451806,-0.45611703,-0.73062956,7.474552,10.973123,7.8342543,4.3253202,2.985389,5.8490076,69.83741554054055,0.02914920635521412,1349.5963387962488,Calm
-321.19263,134.53426,-18.23528,22.17988,0.42954096,-3.805615,0.49535307,-1.1447425,-1.9025488,-0.10540186,-2.7555182,0.59320694,2.4970188,0.30708182,1.681291,2.8881428,2.0844862,1.1636722,-2.3936887,-3.407903,161.4990234375,0.03190400078892708,1355.999780696475,Calm
-269.69882,136.47507,-25.00176,26.395002,0.6870048,-5.381706,-1.1201948,-1.5102577,-0.16106214,-3.78516,-9.28722,-3.1484404,1.6416063,0.67547303,1.8981233,2.231688,-2.122755,-3.6631796,-1.0772648,3.531795,143.5546875,0.051699068397283554,1396.7861186062223,Calm
-360.83704,138.98073,-12.931411,33.80207,7.5938,-1.7090735,1.0358475,4.07697,3.9310114,0.93355,0.50411147,4.682115,3.340199,-2.2543888,-1.8542651,2.2155046,1.7880183,-1.5159183,-3.251121,3.9964302,117.45383522727273,0.020721398293972015,1285.1523138296154,Calm
-306.78555,152.90353,-27.586826,16.319193,-3.1550992,-8.931759,-5.4318347,-9.781289,-7.1121745,0.29346588,0.8718291,5.4160614,8.195814,4.202757,2.0560663,3.0276265,-0.390875,-2.8138077,-2.9029148,1.3315637,129.19921875,0.04381232708692551,1211.352791907563,Calm
-289.8248,143.90314,-26.996418,24.06762,-1.1449989,-6.2989807,-2.7494168,-3.52808,-3.0203989,-3.1464949,-7.256325,-1.6778026,3.0785978,2.6800532,2.5299108,4.6131744,2.374803,-1.2788943,-3.5456932,-2.806715,161.4990234375,0.037271156907081604,1360.0001055902917,Calm
-412.95926,138.51984,-19.262383,34.146683,8.975064,-4.2944713,4.1525836,0.88195026,3.0793786,0.12249623,-4.0571847,3.7797232,5.917003,3.4958463,6.631978,6.7447453,2.4679754,-1.8811083,-0.05864588,2.7300155,117.45383522727273,0.016478458419442177,1171.8444805151357,Calm
-238.59631,149.78308,-28.872139,28.239666,-0.8014045,-3.9247715,-2.135668,-4.334019,-4.1872807,-3.438998,-5.771543,-0.12075097,2.5199795,0.6888363,0.07483959,1.7069906,0.6496945,1.465943,-1.8280259,-6.239791,172.265625,0.05884205922484398,1340.368610909044,Calm
-477.97784,155.31071,12.760654,5.525207,2.3770728,-10.652258,-16.648241,-12.547406,-11.190111,-9.378249,-3.21803,-2.767349,-6.4684463,-8.300396,-7.093545,-7.4725733,-5.3243637,1.2635608,1.8797901,-1.6579894,161.4990234375,0.016752148047089577,811.9966754623425,Calm
-552.1063,173.36296,26.35445,14.122476,7.259276,-7.084969,-5.859201,-10.342716,-11.022791,-9.200838,-8.827268,-4.9302998,-3.6547,-4.282815,-3.4607017,-4.82143,-5.679628,-6.546866,-8.206827,-6.4508395,67.99958881578948,0.006631079129874706,715.4772961169846,Calm
-437.5252,170.9714,7.386171,-3.108705,0.77730143,-11.135056,-12.523807,-6.900927,-5.850053,-8.45572,-8.472509,-8.329373,-7.3738,-6.733424,-6.0883675,-7.0600677,-6.652507,-4.291024,-4.3992434,-4.915998,143.5546875,0.018843520432710648,790.4782247441923,Calm
-549.6238,156.95287,6.6107116,34.415283,13.258632,5.755012,5.0514054,-3.0009751,2.0665762,3.0773385,2.0167966,3.2401438,5.6662607,5.703946,3.6319153,4.0980306,4.3342586,3.3654845,2.628941,1.6571875,143.5546875,0.005269665736705065,973.5547961720958,Calm
-374.73544,153.82092,-21.555332,20.830206,7.003569,-3.9481635,-2.5215898,-2.8035054,-4.282765,-4.499873,-5.7614007,-4.259625,-3.8435433,-4.5857606,-3.6389863,-2.2903485,-3.1275449,-0.21475945,2.6295166,1.817537,151.99908088235293,0.016512703150510788,1214.3345474841144,Calm
-264.05682,142.12021,-51.35426,5.0189214,-20.266205,-17.137808,-16.06992,-20.311367,-15.042228,-9.738146,-8.402028,-11.775308,-6.8804574,-4.6050215,-2.0530012,-2.3747227,0.9640727,3.0177257,1.3792968,5.554171,117.45383522727273,0.042963139712810516,1415.311188046843,Calm
-338.7873,190.10437,-16.304815,3.704449,-0.4479045,-8.884474,-10.400301,-16.36604,-13.285849,-10.799826,-8.649679,-8.285074,-4.6188025,-3.792578,-4.5501957,-3.6639328,-0.9426807,0.5389656,-0.26442814,-1.564177,117.45383522727273,0.04187244549393654,853.4404819807542,Calm
-369.13687,171.89467,-27.26967,6.0176663,-0.14046475,-10.669235,-11.915658,-10.193319,-11.368732,-10.511279,-8.377621,-9.789241,-5.0547614,-5.081166,-3.0338259,-1.7272462,-1.8499658,-2.2594447,-1.2759857,-0.43458468,112.34714673913044,0.021968716755509377,1002.3644432557223,Calm
-246.21837,149.44388,-41.973816,11.606411,-10.287586,-4.0184045,-7.1389456,-10.137028,-9.425965,-7.1766233,-3.1531363,-5.6295013,-2.5816011,-4.5165157,-6.1636,-4.9719,-3.3493166,-3.344111,-0.67309546,0.2178796,107.666015625,0.03887804597616196,1525.6012665401886,Calm
-283.4352,159.55325,-29.518969,18.540627,-9.879667,-3.4205968,-10.990983,-9.78434,-8.296976,-4.2428293,-2.8664072,-5.969815,-4.0209274,-3.3497474,-3.3910906,-1.8592801,-0.44662178,1.8976356,-0.110351466,-2.8223317,99.38401442307692,0.031511254608631134,1356.517262209537,Calm
-393.0342,190.77562,-13.312166,8.263634,1.5518677,-11.0807905,-11.244869,-13.998271,-10.620688,-9.390383,-4.6135573,-10.067735,-4.815257,-1.749237,-4.67867,-2.1273618,1.0223783,1.3087287,-0.15664068,-1.4133813,123.046875,0.02143675647675991,876.9626952356676,Calm
-299.7918,157.32382,-37.35202,15.766813,-5.7569356,-4.4540663,-6.8151827,-10.736592,-9.884847,-8.157444,-5.422234,-7.8400235,-2.7306192,-1.1097302,1.6480838,3.6400816,3.083553,0.10869988,-0.796485,-2.7367735,103.359375,0.02822987549006939,1302.9045959121115,Calm
-301.92847,57.542442,-59.13327,33.542343,-20.91211,17.741282,-0.64305043,49.023754,19.130112,27.098505,-17.633902,-0.2625496,-3.7518337,18.160437,9.950029,11.609913,11.278923,15.386705,-7.4021535,-5.8475833,99.38401442307692,0.035119738429784775,2423.3992282999484,Calm
-326.31674,85.90871,-42.986923,31.837812,-19.576056,9.992609,-16.461275,10.00038,-8.5993595,25.513212,6.5387473,16.400177,3.502858,9.5951805,5.9227586,9.285647,9.963878,9.19915,2.789936,-5.384016,95.703125,0.023853911086916924,2172.514738800756,Calm
-251.3183,88.73774,-41.7524,37.908646,-12.024274,21.6241,-5.8539314,25.719711,-5.185972,14.30118,-7.5509515,10.464781,-4.9288926,5.2614264,0.29795006,3.31159,1.2643408,4.76849,-2.0682452,1.1370711,92.28515625,0.0447186604142189,2192.7057790195913,Calm
-299.7126,103.67623,-27.657272,51.028336,12.27966,16.508783,-10.941353,-0.89493364,3.8351672,12.960477,-12.398089,2.4647222,5.1784363,-0.7386144,-0.61419886,-1.1869743,5.9202952,9.812801,-2.665085,-3.084117,95.703125,0.08413399010896683,1807.4309138096596,Calm
-207.37747,117.60778,-41.404255,13.253087,-1.6882402,15.532319,-10.362769,-1.8636898,-12.762171,7.0103326,-0.78136885,2.0718129,-8.264468,-1.4701029,-7.088128,0.934685,-5.5392184,-8.502519,-1.487559,5.380053,135.99917763157896,0.08248694241046906,1623.8299978978253,Calm
-385.7943,128.62302,-26.731682,39.48326,-2.173462,16.760437,-5.7341957,14.724416,-3.090663,12.311255,-5.892707,2.792582,3.6800177,10.925794,10.535347,9.91729,6.1087956,3.5327852,-3.3188179,-3.675154,184.5703125,0.013991358689963818,1424.1018503760445,Calm
-422.60803,89.84974,-18.716208,37.78641,6.0167494,4.1617336,-1.9914649,12.111292,4.1678967,13.7912655,2.8296857,5.8862886,6.1222277,8.141636,12.356573,7.095123,2.4118736,0.78016424,-3.4258897,-0.75028044,86.1328125,0.01356380246579647,1800.6383191622836,Calm
-203.61938,111.205956,-51.536655,39.485825,-10.562026,11.913712,-13.181607,15.123319,-7.2917,13.3770485,-7.313064,3.8404088,-3.7820063,5.3039994,4.1083336,6.6450543,2.9929216,3.5416892,-3.361932,-3.678782,135.99917763157896,0.05697670951485634,1932.8371720042157,Calm
-280.7256,122.72235,-14.398866,26.855799,1.351974,5.9942274,-13.104071,3.3753622,-11.5543375,5.1937947,-1.051769,2.7634668,0.06284401,1.3419088,1.5190892,-2.213261,0.7730354,-3.9691277,-9.135715,-6.9251537,103.359375,0.036704182624816895,1494.1405636701372,Calm
-287.521,101.73793,-35.369,41.282764,-12.745122,17.284992,-13.978298,16.311884,-5.599028,13.664283,-8.790592,-0.0571059,-13.769376,6.4802904,6.7078853,6.9852624,7.031875,8.390631,-5.6107707,1.377122,184.5703125,0.029099641367793083,1953.0123992184488,Calm
-378.73932,126.49873,-18.81513,42.87581,-14.305189,25.34269,-14.64103,18.704288,-10.188719,21.10809,4.4370375,18.225647,-10.274281,8.953815,1.2109159,6.2801147,2.5284436,4.3861523,1.705409,9.987649,95.703125,0.010497971437871456,1524.8987119782064,Calm
-23.184359,70.25887,3.818911,28.329025,13.76447,5.725915,3.9781454,7.4515567,2.6495175,8.495177,-2.2885163,2.0798767,-3.3781197,5.1236925,-0.1764189,0.35927144,0.5841995,4.0280023,0.9243894,4.08801,86.1328125,0.24838431179523468,2797.969870734425,Sad
-8.001197,62.728,-1.4580804,28.115849,9.9723625,9.353735,5.420156,9.825023,3.0283053,8.426978,0.31103772,6.545156,0.7390595,-1.7741017,0.8506021,2.982779,-2.7668254,2.8226826,-1.7435716,0.9709402,129.19921875,0.23043084144592285,2937.8328051469803,Sad
-120.72672,79.31613,5.453445,34.812134,16.550337,13.15254,6.2395873,9.984545,-1.9874375,6.7651973,-6.290685,0.2770041,-6.7018785,1.6440433,-1.7412106,-0.6663896,-4.842762,-0.28317088,-5.389651,-1.9393585,83.35433467741936,0.146108016371727,2307.5397576425735,Sad
-57.75979,95.76648,-10.109319,40.979633,13.979035,-0.9898583,-0.18847127,7.4250784,-3.6333375,9.54514,-2.9410641,2.4362514,1.9947801,-1.2870498,1.3565392,4.4236846,-6.5204806,-0.034598526,-1.4115794,-3.0789084,161.4990234375,0.20427070558071136,2174.1604935047117,Sad
-20.78135,62.950428,2.3044405,30.773718,6.973462,6.5058117,6.3236365,9.873086,3.4352968,9.372202,-0.40415794,7.5194154,-0.9842739,4.0191503,-0.66244864,-0.061251946,-0.16676477,0.24374022,-5.4381933,1.8272818,117.45383522727273,0.20939329266548157,2966.1571589936843,Sad
-24.692423,62.388374,-7.7689857,28.530289,10.947266,5.6092887,0.032920778,13.834209,3.0137305,9.866081,0.81874436,5.8707213,-1.2669299,2.994797,0.94076455,2.08431,3.0438795,3.0530632,-0.13393754,3.6150692,129.19921875,0.20384074747562408,2926.865766278933,Sad
-23.14604,71.355415,1.3973155,24.474508,16.34997,4.5169725,-3.9798617,18.038275,-3.358467,2.474037,2.9799597,0.83682466,-1.1464859,0.16857773,-3.3017209,0.18618391,-1.2149609,-1.5663674,-2.7524984,-2.110104,112.34714673913044,0.21448013186454773,2800.214423030315,Sad
-20.81746,64.90752,6.7671013,26.357126,11.665423,13.185629,-1.9791067,8.582197,0.4728952,7.441096,-0.41490933,6.945586,3.6606066,2.0337164,0.6502081,4.3827734,-2.802764,2.975754,-1.840282,-2.3632526,103.359375,0.24406008422374725,2898.787368032488,Sad
-19.72382,76.66849,-4.8497195,32.24758,7.6701546,17.224527,-1.4669176,9.14332,2.7177043,9.111842,-2.6976073,7.5035057,0.33303124,4.9300003,2.801467,1.8928756,2.454538,6.401708,-3.3361027,6.3192244,66.25600961538461,0.2741972506046295,2506.169376457896,Sad
12.1632,58.97738,0.91886264,26.749126,9.254704,3.5763056,1.5831511,8.648173,0.97104156,11.627411,-2.1597264,1.1948514,0.47236934,4.408359,-0.17110053,3.099949,-1.1844648,4.545524,0.8650014,1.2720963,95.703125,0.23653283715248108,3191.4845774083215,Sad
-197.73268,106.509026,-4.4345403,37.64394,-0.860655,-0.9555023,-3.4480147,-0.051242225,-9.299326,-5.1646576,-4.2450776,-3.5471115,-1.3499808,-7.1235623,-1.6197426,-2.4868119,-5.0532327,0.30241522,1.0691494,-1.6592695,80.74951171875,0.07468149065971375,1861.184983990783,Sad
-199.0945,61.186787,9.970173,23.455229,10.266042,0.021369297,8.005174,1.1249683,-4.8876796,9.501938,-6.344292,3.8612273,1.6283535,-1.3461187,2.6031919,-3.5718613,1.9763373,2.5352304,1.0390568,-0.98147756,112.34714673913044,0.07848472148180008,2838.2033521252542,Sad
-141.0231,123.89308,-2.4948008,27.972536,0.012813414,1.2166239,-11.020721,-1.3764037,-7.020709,-6.118951,-5.1924872,-2.168428,-4.5938888,-2.3405595,-1.1824416,-3.964283,-4.234257,-7.813797,-1.6731257,-1.084656,89.10290948275862,0.1268782764673233,1667.8626239303642,Sad
-126.18547,77.63614,3.1659164,19.95085,10.833183,0.7266967,5.217696,-0.49295205,-0.9993632,5.3890133,-3.735502,-3.5004714,-5.3318467,0.28486124,-2.0108876,0.83458114,0.3288452,-1.1148978,-4.387004,-2.6085503,129.19921875,0.08002934604883194,2812.414612083667,Sad
-124.6331,72.52177,16.71368,18.248219,12.224788,8.088155,7.982229,-0.5219015,2.3674657,-0.56436104,-5.5733914,0.5387732,-5.067154,-1.160187,-3.5754244,-3.6894364,-0.16906023,-0.6420815,-4.1438947,-3.999883,135.99917763157896,0.09264680743217468,2951.9486784809105,Sad
-116.17638,111.72995,-5.2455134,33.995697,-12.458564,4.2506166,-14.428151,8.494948,-8.19823,-1.3456504,-12.559847,-5.005492,-2.1499321,-1.8379669,-8.272397,-3.0211012,-5.472165,-2.9415307,-2.6366758,-3.3716757,151.99908088235293,0.10473949462175369,1959.337324250709,Sad
-210.17332,139.61768,-16.979992,58.003017,-9.654812,-1.9645078,-18.001234,-8.207504,-11.778446,-7.882443,0.60710543,-9.965226,-6.466774,-3.8483527,-12.04527,0.31746763,-8.04239,-6.79309,-1.8463358,-5.9385214,107.666015625,0.07976905256509781,1425.8089845409772,Sad
-171.339,137.35457,7.9645786,28.539564,2.7081969,-0.5015101,-2.9561005,-1.159342,-6.159661,-2.4005284,-5.853389,-2.1666093,-5.3437123,-2.7834222,-1.5698565,1.2948381,-3.4124446,-0.8946278,2.633026,-0.099773,89.10290948275862,0.08870291709899902,1469.7849502285726,Sad
-131.14856,102.99637,-11.533305,17.73964,16.962389,4.4356074,1.2965345,3.4184597,-1.4990547,1.6171724,-7.983499,-0.82497555,-8.876751,-3.842363,-4.4875875,-8.93866,-6.380394,-1.5118133,-5.409956,-8.043467,86.1328125,0.09677968919277191,2068.772763718777,Sad
-256.06357,163.10162,-22.872879,26.93337,15.301942,-3.50522,4.217087,-0.79301673,-9.463186,1.7569615,-4.423062,-3.6401737,-4.252334,-8.109075,-2.376017,-5.1455927,-11.161296,-2.412988,-0.5396905,-4.7787414,83.35433467741936,0.08205685764551163,1138.6702901800775,Sad
-161.09123,74.70691,22.421598,46.01199,5.2690363,25.11239,-0.5864293,10.375498,-6.8302193,5.0498123,-0.76978654,1.4022418,-6.0112886,-4.0060997,-4.79363,-2.8669364,-4.986899,-3.6081994,-7.5884213,-3.2281842,103.359375,0.10520260781049728,2409.267879260446,Sad
-209.38939,167.1398,-20.865452,36.817654,10.305034,3.9740636,-5.6623545,-4.6380916,-6.237971,-4.1778646,-6.688475,-3.2634768,-7.9670053,-4.053322,-4.987053,-4.4966164,-4.0103536,-6.3977995,-5.91674,-8.175597,107.666015625,0.10983680188655853,1043.9737111043523,Sad
-195.12416,114.29301,0.001429602,38.17855,11.291478,-6.075158,1.2188284,-0.0041927183,-15.420767,-3.5709002,-6.1254177,-4.500051,-0.12475657,-4.386221,-9.412581,-10.716871,-6.541959,-10.051359,-7.2627316,-4.007446,184.5703125,0.07503542304039001,1719.3372066856614,Sad
-353.05423,110.632095,32.743378,24.164183,18.746185,5.9248896,-1.7401658,3.8813748,-2.987254,-1.9034864,-2.8664541,-0.97887444,-6.4891205,-4.2524424,-3.7505193,-6.0119343,-7.199875,-2.5195584,-4.032561,-3.4128342,83.35433467741936,0.038845717906951904,1496.56913504939,Sad
-199.98285,109.121544,-5.546025,48.132893,1.2039802,4.5974913,-9.152174,-1.471275,-11.66506,-5.204099,-11.550537,4.9783483,-4.9808197,-6.047306,-0.6872892,-8.536201,-8.461553,-7.943485,-7.613288,-0.38595313,129.19921875,0.09660106897354126,1739.321196159216,Sad
-200.55318,119.65538,-3.6046815,31.952965,9.957966,15.293297,0.6486002,0.23646218,-4.4767165,-2.3108823,-5.255605,-2.4737477,-6.048022,-0.8033078,-4.706508,-11.29183,-8.867358,-8.068559,-3.1603546,0.33031377,73.828125,0.07990662008523941,1565.7683179567373,Sad
-194.26962,151.78432,-3.0342522,29.480587,9.101757,5.9855814,3.784445,3.7657218,-5.8694096,1.5940248,-3.7664156,0.9295919,1.972304,-2.2319498,3.3600001,3.75466,-1.1347994,2.2319846,3.3677235,-4.13741,107.666015625,0.10049913078546524,1270.4148783967134,Sad
-100.73443,106.97025,-27.18039,29.091337,5.039497,-5.4290433,3.2457464,-5.1666436,-5.1038213,-0.8067117,-3.8309822,-2.7171009,-6.651432,-4.670355,-5.6970487,-5.9915314,-10.221571,-10.535934,-5.7311044,-7.2916656,92.28515625,0.11655924469232559,2012.1998825497253,Sad
-169.19261,132.80664,-13.484966,31.182264,6.3355885,-3.7656243,-2.0574632,-3.6175504,-4.556713,1.2857977,-6.986225,-7.255015,-1.3873174,-9.508183,-5.418511,-1.906521,-7.168161,-1.4283392,0.1593311,-4.114242,89.10290948275862,0.09411101788282394,1474.0010327537864,Sad
-171.28874,160.4967,-17.80444,30.5122,7.514744,-8.256042,-5.670382,0.13195093,-8.836377,-2.6552682,0.70573163,-3.78496,-6.5005155,3.7841282,-5.4310317,-3.076479,-6.2547703,-1.940013,-0.83493346,-1.433976,89.10290948275862,0.11707953363656998,1214.054895968694,Sad
-277.1022,128.25645,42.42859,37.69783,12.780972,9.599224,-5.9831166,-7.538272,-8.034319,-4.942378,-6.5300484,-3.6279535,-7.2284265,-7.452904,-1.5747141,1.3907408,3.080538,2.5106266,-1.0542907,-2.7523243,161.4990234375,0.07961926609277725,1240.5895174256275,Sad
-130.4947,104.13707,-19.261398,34.153618,5.413921,-2.166884,-0.72687984,-2.8929856,-5.459535,4.0802116,-4.4622407,3.523582,2.147013,0.18757634,2.6818895,-3.0753498,-3.1991117,1.6599616,-0.6806539,-4.3735867,112.34714673913044,0.10080858319997787,2052.937539079165,Sad
-237.99352,97.70346,6.526742,45.977615,2.1547685,16.221973,8.825113,7.767009,-0.593792,4.4802604,0.14091596,3.021077,-1.6638002,-5.4229407,-2.8296826,-3.0536504,-0.4980622,-0.11182406,-3.8595042,-2.650805,99.38401442307692,0.06050447002053261,1823.4330215874613,Sad
-133.3365,78.990364,-5.6506476,35.522865,-7.5477085,7.9280396,2.7298074,0.39645377,-1.1331302,-1.1071386,-7.8454437,-1.1711783,-4.814018,-3.1399324,-5.044814,-1.0937083,-0.96363306,-2.4559503,1.1548452,-1.8392485,92.28515625,0.10454683005809784,2456.555660328369,Sad
-153.86736,83.68425,-8.418767,13.969093,13.551848,3.773254,3.0063746,6.347874,2.0667963,2.0754557,3.1952746,-0.47532395,-3.0259304,-4.5377707,-5.0488076,-4.925893,-6.135663,-1.6660154,0.46549764,-1.551539,135.99917763157896,0.07824791222810745,2614.1281512828127,Sad
-120.383224,95.348915,-6.0082717,25.16893,20.961815,-7.1399155,8.552629,2.4400122,-14.6636305,9.296396,-2.3618505,-3.1564727,0.60948336,-4.4258304,-7.452153,-0.4442457,-3.587983,-5.0256357,-2.523358,-4.7514105,99.38401442307692,0.09997189790010452,2322.0772479079756,Sad
-339.7991,97.781006,-9.6959095,50.986897,7.8249445,11.747368,0.6847606,2.4938345,-4.7754116,0.19351877,-5.9746647,-2.8948965,-6.157009,-1.8445805,-5.355182,-8.306348,-10.728061,-7.740845,-3.4437325,-6.962086,112.34714673913044,0.022713258862495422,1827.093958381686,Sad
-173.4441,105.05278,1.155317,24.114841,22.12515,2.5424929,-1.5812403,0.17491437,-5.323045,3.8141825,-4.5238996,-4.5872827,-1.5664963,-2.2571902,-3.8579087,-6.458283,-7.4685717,-5.533387,-2.1898675,-2.4518628,99.38401442307692,0.07204184681177139,2069.180155621707,Sad
-118.028564,74.16701,8.2881365,15.462522,6.1549687,8.443999,4.1188307,5.738997,-1.9503189,3.1639109,5.040857,-1.1298938,2.4367034,-1.4256319,-4.7408276,-6.3695383,-5.7475576,-6.266189,-4.5168686,-1.009379,151.99908088235293,0.09092474728822708,2860.3399496357706,Sad
-89.73638,36.2862,11.469535,37.49559,9.199136,3.7405186,2.8403578,6.811539,1.4674553,0.097338274,1.0258602,1.1755472,-3.5642974,-2.0911777,1.7115148,-1.3672682,-4.3769636,-2.6016088,-3.5284464,-4.2272496,123.046875,0.09631170332431793,3760.4244872923673,Sad
-102.8967,85.32916,-4.324985,30.583778,3.0101564,-1.9592187,4.4452953,3.42052,-4.253563,-1.7713999,-3.970628,-1.3591871,-3.7630885,-5.1772523,-2.8950465,-0.26965055,-7.421149,-4.096378,-3.4501848,-10.114284,143.5546875,0.1089937686920166,2449.9415972837987,Sad
-111.69471,82.26009,13.068496,31.930077,23.68303,-0.5323793,12.029794,3.6602066,-5.7385216,3.333035,1.4207492,0.77258295,0.5596443,-1.1348552,-1.7467116,0.5584442,-2.323696,-4.612612,-0.62006694,-4.944747,129.19921875,0.11318445205688477,2634.0466588107224,Sad
-101.288086,84.139015,7.751808,30.383913,13.85436,11.632601,-0.11175927,-4.9390707,-2.3706596,-1.9748868,-8.187719,2.8250735,0.5467093,-6.795643,-4.3111024,-4.577833,-9.847294,-5.6903605,-10.405995,-7.5132923,103.359375,0.11769700050354004,2386.8223453587584,Sad
-101.19903,85.43055,-19.69571,20.584856,9.973623,7.594193,0.104055874,3.405438,0.046411637,1.5777521,-1.4500953,-1.2814347,2.1464107,-4.7943425,-0.31705374,-0.42996433,-4.8876414,-3.0000093,1.0770749,-1.4569033,135.99917763157896,0.09496325254440308,2530.853994149147,Sad
-162.72116,119.81048,-2.8799527,20.506134,27.808872,5.485367,6.040956,1.2045437,-3.6995325,0.3423855,4.411625,-0.40806127,2.4593601,2.1353858,-1.6038625,3.629129,-3.4621623,-2.5598269,5.641791,-3.654727,78.30255681818181,0.11366552859544754,1730.559357956436,Sad
-61.235397,71.26333,-17.042137,17.118322,5.0581465,-4.2047887,-1.6676309,1.1733668,-0.854297,4.976347,-1.6956693,4.845418,-0.1578167,-2.079404,-0.27295628,-5.311601,0.23376085,-0.10088105,-3.937658,-0.92281747,78.30255681818181,0.14661237597465515,2777.1145172614247,Sad
-126.891594,103.492065,-31.892567,58.71933,-1.9583551,-3.130634,-2.9370546,0.3657522,-3.0380836,-0.82976246,5.5851655,-10.142879,0.73231655,-1.6198152,-10.050463,-5.2108836,-9.042455,-4.7387824,-1.0380155,-2.8514986,78.30255681818181,0.10333061963319778,2109.4728877007824,Sad
-165.51901,117.87926,-33.606743,42.62332,-1.3848821,3.8313904,7.169803,-7.170014,-1.6314923,0.87545484,-12.514056,2.8942633,-12.372037,-1.3238244,-6.636533,-8.864955,-5.1069417,-8.079848,-4.2646637,-0.15898137,151.99908088235293,0.09065508842468262,1784.3451875096134,Sad
-149.00017,107.24382,11.190146,26.698795,11.405787,-3.808101,14.028653,-5.8929515,-11.049588,2.8112707,-8.445196,3.1889074,-0.7737128,-12.404469,-6.286398,-3.299155,-8.168631,-6.5842876,-3.6775794,-2.967854,117.45383522727273,0.1169344037771225,1939.716518680421,Sad
-109.98737,134.74861,-24.026144,19.394617,-4.407176,-4.814888,-7.800573,-0.39370057,-5.4159317,-2.9569998,0.7814668,-4.776981,-0.17221731,-1.690577,-2.4042225,-1.9624149,-6.938368,-4.0739026,-1.955714,-5.7928257,112.34714673913044,0.14357976615428925,1600.3408733031765,Sad
-143.12674,121.898,-13.34437,47.77785,-12.660497,23.372252,-10.994922,18.8561,-13.706635,15.950975,-11.356477,10.2887,-6.002485,2.7361474,-9.286325,4.5047164,-8.325129,4.5223846,-6.035288,-2.352378,117.45383522727273,0.10938402265310287,1779.496144918959,Sad
-204.71436,121.91577,-17.742798,46.3246,-1.7955846,17.031996,-14.699763,14.667406,-19.392899,10.903635,-13.474712,1.2002157,-6.213006,-1.6907123,-8.696857,-2.5127735,-11.3285055,0.16912635,-7.287028,-7.511811,64.599609375,0.09027794003486633,1552.7721617035625,Sad
-265.27585,138.85979,6.1417327,47.49592,-2.3968022,21.038162,4.0860734,17.653969,-12.029911,15.491059,-1.1331512,7.8893595,0.49858156,-0.23055445,-3.869981,4.0625024,-3.1115553,3.0031967,-1.4015296,-1.4950988,71.77734375,0.06950384378433228,1115.7881616130558,Sad
-84.74407,100.98661,-16.020493,51.761948,-17.082294,22.577103,-20.299927,18.914927,-19.49268,15.328482,-17.741413,8.583118,-15.000552,6.4369044,-10.276651,3.2850342,-9.550154,4.0466037,-5.595068,-0.7083238,89.10290948275862,0.1335311233997345,2271.2893251438104,Sad
-175.0163,115.70678,5.106449,58.160652,-3.3279545,29.664286,-10.028762,19.65578,-16.30351,13.737743,-8.81984,7.2240396,-8.89276,4.749918,-11.4932785,0.91233087,-8.153264,1.1864226,-7.980874,-5.6468606,75.99954044117646,0.10426096618175507,1654.6143319062874,Sad
-82.962616,122.53281,-16.658556,40.01591,-15.007229,21.670378,-18.256283,18.361864,-17.988773,16.991613,-16.039673,8.5337305,-8.706784,10.766552,-4.624802,7.2375846,-7.6094975,5.2948713,-5.5172386,-0.17936288,129.19921875,0.15497614443302155,1881.161817758554,Sad
-164.79193,123.42045,4.2346554,48.788734,-5.1513314,22.844551,-7.8052983,19.294298,-11.024413,21.256271,-9.740571,5.154131,-6.1411104,5.414101,-9.923706,3.9135346,-7.3264356,1.3926399,-8.839242,-3.7414536,80.74951171875,0.13618691265583038,1468.7461596453222,Sad
-137.88376,121.523895,-13.26719,43.318726,-10.709388,17.858778,-7.9495454,9.089492,-19.792675,9.440965,-19.59838,6.907874,-12.543895,-0.75563157,-9.14944,1.4457076,-8.303117,-3.752955,-6.868935,-0.48034757,67.99958881578948,0.1300644427537918,1741.8149971403934,Sad
-101.38996,120.45385,-0.40658712,49.04242,-15.863626,19.873766,-13.094367,18.574186,-15.706967,15.254118,-5.9068427,6.6473475,-10.359329,7.085957,-8.217057,6.2007136,-8.389561,2.920069,-6.6528335,-1.3233216,112.34714673913044,0.16375946998596191,1796.1137426759592,Sad
-185.1138,120.50994,29.717457,56.400288,-3.0346622,22.222616,-10.344739,20.05401,-13.685049,9.170437,-6.4285364,3.2967808,-8.737772,5.0113964,-9.227386,3.7786367,-10.20193,5.912037,-4.4247093,1.5817282,135.99917763157896,0.14543543756008148,1535.3805435364122,Sad
-178.51938,130.13269,12.088971,47.051086,2.6224906,24.094347,-4.627712,22.772083,-10.941142,13.539126,-6.809723,8.71216,-6.0909204,4.0794597,-5.1527214,7.8594203,-5.255473,3.956895,-3.1399353,-4.3878207,69.83741554054055,0.14100803434848785,1373.0379665331902,Sad
-186.39238,135.86008,5.928499,45.8605,-5.766276,22.786793,-13.002946,17.122374,-13.756379,9.734512,-8.368887,6.659228,-9.09154,5.422999,-6.853948,1.5488521,-8.558102,5.447452,-4.363458,-4.7068315,60.09265988372093,0.10717964917421341,1397.840984804417,Sad
-94.09417,109.16863,-11.849949,41.56547,-19.475983,23.831955,-19.935585,20.374748,-17.28199,16.585613,-10.199126,9.392066,-10.051931,7.8054934,-15.095585,3.2743914,-10.467717,7.5478125,-5.5502315,2.2327795,172.265625,0.130179300904274,2167.0242315710375,Sad
-185.4226,118.46735,17.79529,48.887688,-2.1608064,21.370108,-9.001163,20.535988,-11.416627,9.282178,-5.4816723,5.754808,-2.9795716,3.4514766,-6.0777125,1.2669606,-5.9532437,7.072019,-2.1684468,4.8688574,83.35433467741936,0.13140647113323212,1615.0641667795348,Sad
-217.74222,128.34692,-7.513694,39.265003,-2.5556235,18.173012,-15.166711,16.770924,-15.265886,4.8992114,-6.5137625,2.8973584,-11.506306,-0.105541974,-10.6238,2.2620764,-9.167437,6.8667727,6.2359557,3.369279,66.25600961538461,0.08258095383644104,1512.285769157878,Sad
-250.87863,163.09831,-3.8807108,30.153528,5.5764227,7.4960384,4.02482,-2.1106052,-5.470411,-1.0583413,-9.981246,1.8183814,-8.760416,-7.0439935,-4.215172,-8.841513,-7.404842,-3.301464,-5.14065,-9.97036,123.046875,0.11056768894195557,894.2258292361456,Sad
-102.51608,135.7217,-46.895443,32.746296,-11.16036,23.465744,-9.766421,16.901648,-11.6851015,13.207406,-7.183144,4.735628,-8.202425,2.6096554,-2.9877625,6.8062387,-2.078867,3.292025,0.28343806,-4.21877,112.34714673913044,0.13643474876880646,1701.133231854635,Sad
-328.72546,167.05113,12.98839,28.820633,11.246061,14.4267235,11.705959,7.8041215,-11.729083,2.385381,-8.347571,-3.857314,-6.7459245,-5.7640853,-8.251607,-4.5495777,-1.0538642,-4.606028,-2.8582497,-2.2324877,64.599609375,0.05543045699596405,857.9961382033647,Sad
-229.4689,157.31282,-16.762049,31.879862,-0.11036961,16.656443,1.355172,12.223307,-3.8625047,6.8392315,-4.2632265,1.3375682,-5.8956633,-4.0342126,-5.2549577,-4.5484366,-6.8075137,-4.4060035,-4.17981,-6.349776,172.265625,0.0834927186369896,1130.9407637739448,Sad
-217.16394,136.1694,-10.362346,51.389046,2.612237,15.1277895,-0.6809201,12.287425,-6.2264233,7.8023224,-5.4090786,3.6247036,-2.807217,-0.36028746,-0.55972093,0.36299664,-2.2528908,-2.4962318,4.193677,0.35145867,112.34714673913044,0.08712510019540787,1327.824096106779,Sad
-99.32007,117.56864,-29.88463,40.83229,-15.263143,27.98068,-11.955396,13.331403,-11.367624,10.538834,-8.748048,8.41087,-6.844215,0.4395355,-5.308865,1.6441802,-7.3530955,0.5184658,-1.4642421,-5.9269967,112.34714673913044,0.144246906042099,1935.1584683595631,Sad
-185.85666,155.29944,-25.034077,20.532516,-3.8348439,-0.60029286,-4.568851,-5.914592,-16.53805,-0.45218414,-16.302252,-4.213608,-16.815842,-4.541953,-8.360624,-9.983513,-7.767914,-8.343301,-6.8449087,-10.199348,143.5546875,0.11840969324111938,1261.3177003596356,Sad
-96.28298,131.92026,-26.322138,35.982155,-22.80771,14.489158,-11.834168,11.80155,-21.218061,11.527786,-12.925014,7.1762304,-13.93854,2.9490716,-5.027494,1.5300584,-4.3856125,2.545406,-5.366111,-5.97007,151.99908088235293,0.15658940374851227,1711.2104216664566,Sad
-167.00983,132.44342,-17.294891,46.932304,-3.6503565,20.946674,-8.830444,8.546585,-15.151556,8.105515,-16.944101,6.6470175,-10.924017,1.1016004,-6.29374,-3.6414769,-7.382185,-2.1708148,-3.8498697,-9.668263,151.99908088235293,0.09581226855516434,1549.1920056300596,Sad
-207.27617,130.94698,-18.496765,33.299126,-3.9221637,15.393467,-6.383,2.9519517,-16.786154,7.084849,-8.59407,4.7956495,-12.250599,-1.0214049,-4.5420403,-6.066712,-5.5392537,-2.3645172,-6.528938,-5.8955736,135.99917763157896,0.08231483399868011,1533.8625889630157,Sad
-60.84931,105.47066,-16.914597,40.70118,-15.038137,36.0463,-12.818775,17.483316,-16.755318,11.757576,-10.130225,13.194357,-12.209436,2.357671,-12.200345,6.448179,-1.7883276,6.329572,-1.3351495,-2.7925975,95.703125,0.1797305792570114,2187.464108981412,Sad
-183.97171,159.81995,-23.17131,43.053974,-9.468154,8.831391,-1.65151,4.351795,-13.370459,0.83986324,-13.976324,1.4428531,-7.390412,0.61094123,-3.3870335,-3.5861695,-9.068071,-3.1647353,-4.0701723,-7.0531178,143.5546875,0.12832628190517426,1321.5897450564103,Sad
-118.23319,152.94319,-46.513092,31.120495,-17.286913,6.277332,-3.6798625,13.048771,-13.126937,15.706044,-13.076928,5.7017627,-10.694594,0.9979592,-6.701846,2.587603,-9.8034315,0.1606014,-3.4548173,-7.419519,184.5703125,0.13140137493610382,1513.1966226436089,Sad
-302.58182,150.15967,-3.7027957,26.923807,-0.26331586,13.522552,7.2485633,4.217868,1.7668282,6.5633116,-0.4889707,7.8965797,1.32933,0.47706702,0.07484705,-3.2051349,-1.8265169,0.87443507,0.5740032,-3.1530657,66.25600961538461,0.043252814561128616,1143.943990289628,Sad
-229.1472,180.35635,4.5209055,24.184402,1.1109343,3.9924355,-5.9960327,1.8722159,-13.136269,0.004706982,-13.499958,1.5836843,-13.435795,-5.6945286,-7.6074038,-9.802796,-3.7803762,-4.796636,-4.7147093,-2.9630823,80.74951171875,0.11523082852363586,963.1958805922379,Sad
-100.955956,111.60762,-13.152134,44.59755,-5.9610395,29.337101,-7.9568973,19.591026,-22.446842,17.270527,-17.831654,11.408343,-12.451892,1.6513624,-8.525837,2.7190504,-7.307457,4.8687754,-1.2129419,-1.293074,99.38401442307692,0.15323907136917114,2049.8940197396387,Sad
-74.1483,107.63805,-21.198166,47.234455,-5.9763155,17.812094,-20.399551,14.992423,-15.965242,15.734073,-14.664024,10.681492,-10.128547,4.4502964,-7.654799,6.9238205,-9.014679,4.1666946,-3.748041,-3.5929134,89.10290948275862,0.167902871966362,2101.538599563589,Sad
-68.62351,101.354126,-16.908741,51.526352,-10.228339,20.050034,-21.784996,15.524762,-18.795237,16.359055,-17.893854,12.126649,-13.205329,3.8833323,-8.886962,5.021149,-9.8277445,6.536147,-4.5069447,-1.8084126,117.45383522727273,0.16647550463676453,2253.250681954205,Sad
-148.55994,141.2805,-15.883042,44.655067,0.9918708,13.662192,-13.240343,12.651497,-11.702235,12.159911,-10.476022,9.908224,-5.0558124,1.3398415,-0.55776185,2.856684,-8.09752,2.1134844,-2.4832213,-4.4316597,143.5546875,0.13104534149169922,1436.0348088902886,Sad
-80.23639,108.186485,-23.827435,52.60141,-6.424084,15.064198,-17.635906,9.739016,-16.176489,8.906126,-15.964033,8.001827,-10.704085,4.5692387,-4.96035,3.9968152,-9.807707,2.6804266,-8.185659,-5.239688,86.1328125,0.18059872090816498,1965.276613746473,Sad
-146.04881,124.6481,-17.922836,49.225044,-0.17947558,22.789757,-7.1734586,16.74798,-9.723663,15.444623,-7.621331,10.908756,-3.4551363,5.422265,-4.9359694,5.122743,-8.049169,2.6350684,-1.8498029,-3.4177577,73.828125,0.135407492518425,1596.2209122528532,Sad
-122.427414,111.48314,-13.694294,53.828403,-2.6777656,19.67755,-14.138923,13.743675,-14.016459,14.626713,-13.9932165,9.218205,-10.559242,3.0057263,-8.314941,5.0736394,-9.64663,4.321747,-5.6819005,-1.6688946,117.45383522727273,0.13350729644298553,1879.9377906980571,Sad
-170.90068,124.81326,-19.262194,39.2072,-3.7551057,15.289897,-12.972992,8.530165,-11.833667,11.321371,-13.773079,3.102464,-10.078784,2.897005,-5.484683,2.5281568,-9.198529,1.073037,-3.5728164,-6.7214923,143.5546875,0.10860428959131241,1589.6339834802307,Sad
-121.94322,123.237656,-8.495369,51.596375,-0.103512965,20.407,-11.87541,16.275984,-11.508768,11.847225,-8.085656,9.13035,-8.638808,5.559068,-5.714605,3.9428215,-5.466577,4.9758854,-3.035579,-3.316732,103.359375,0.15263915061950684,1623.0094789002958,Sad
-205.14923,140.98761,-8.957966,36.979443,6.4254427,14.875375,-4.3181176,12.232446,-11.431657,11.850926,-7.9033823,9.912311,-2.3516498,4.4772673,-5.0110183,3.1385374,-4.525136,2.6503336,-3.1228733,-10.712696,143.5546875,0.10459916293621063,1321.7303763628809,Sad
-91.68523,115.86115,-30.200949,52.273148,-5.025164,16.953514,-15.656589,13.539407,-12.762941,15.969125,-11.969896,11.058928,-9.962004,2.0955365,-7.8270206,5.0337257,-7.3030443,3.0504677,-4.442384,-2.2333906,135.99917763157896,0.14735452830791473,1927.440445022141,Sad
-193.78868,125.56074,-20.924124,46.338,-2.6854317,12.833367,-6.6019344,10.727056,-10.907483,6.109273,-9.442732,5.163946,-3.658497,0.32129663,-8.0182,0.397922,-6.5234594,1.1838379,0.7200208,-5.210151,117.45383522727273,0.0894317775964737,1563.418330602126,Sad
-50.77633,96.71716,-24.326113,66.076126,-14.680636,24.391264,-21.017485,12.469586,-18.131817,13.267167,-12.802163,9.798451,-11.344081,4.923647,-7.846177,5.73902,-10.303221,3.7310998,-3.2382276,0.3819318,161.4990234375,0.17646493017673492,2334.872868912086,Sad
-213.60236,117.2127,-21.871769,45.657654,-10.274458,5.0603156,-11.910965,5.567856,-17.804632,0.18699953,-14.165857,-1.1532573,-10.306383,-4.047061,-6.6340666,-5.4173846,-9.716231,-3.202914,-4.448395,-9.152062,86.1328125,0.09254993498325348,1537.7642290059293,Sad
-104.37176,136.39383,-20.940237,52.861176,2.025889,20.427711,-11.619367,17.663803,-15.735388,11.049825,-11.3204365,3.6714113,-6.4964943,0.03771146,-2.041168,2.1937985,-7.11224,1.8450243,1.6776917,-1.4936905,112.34714673913044,0.20664183795452118,1474.927396796844,Sad
-124.83957,127.38223,-23.38181,47.360462,0.56311077,15.991255,-9.954186,16.180136,-16.729548,6.785199,-8.18707,3.2049851,-1.5920391,-2.1546216,-3.5263731,2.2071302,-1.4075699,-1.689278,-1.0261394,-2.6274633,89.10290948275862,0.1753358095884323,1555.9530444453296,Sad
-69.88548,124.21146,-32.470196,47.69471,1.3983786,22.61767,-8.754297,21.44351,-15.66597,15.7432,-12.427222,9.581969,-9.056125,2.8903325,-3.1964307,5.8301554,-5.6160216,4.165293,0.120360665,-1.7134393,117.45383522727273,0.21798330545425415,1754.1360136048193,Sad
-148.44179,126.859146,-19.540855,52.85061,8.579708,17.89102,-8.081844,17.78146,-15.505314,13.504546,-10.957894,9.476343,-1.924605,1.8717725,-2.6637003,3.3802795,-3.5191011,2.1003568,2.08825,-0.10796259,112.34714673913044,0.15299171209335327,1560.8796813263718,Sad
-139.62306,128.79353,-20.24936,49.443615,-2.1603606,16.988024,-8.355296,9.8182955,-20.150694,2.5017846,-11.247768,3.766037,-6.4246874,-3.3514197,-2.8953953,1.9763129,-4.1829424,1.3833525,2.4402025,-3.6237288,117.45383522727273,0.17611368000507355,1425.2635079969477,Sad
-42.16572,106.27832,-24.220882,44.671467,-12.33506,20.518545,-16.044443,18.488562,-18.78101,15.5109,-15.4647255,8.930742,-9.987847,6.9245358,-8.796884,4.5718284,-9.043404,1.0606867,-6.4489336,-0.9913764,143.5546875,0.22073805332183838,2157.205776680438,Sad
-111.17791,94.0352,12.515315,16.74026,8.181677,15.667253,-1.3758588,7.0394297,0.97360957,-1.4805396,-3.0693028,-5.068189,-3.684127,0.23450814,-2.0857089,-1.8237208,-5.340757,1.2517449,-5.591701,-3.6281643,117.45383522727273,0.14226125180721283,2297.0855298395068,Energetic
-28.934706,51.971786,-7.610495,21.605564,8.12836,18.120981,6.8754973,6.5840025,0.7281347,11.147646,-1.8413447,1.6686252,-2.6266403,-1.3988687,-3.6203117,0.19592611,-0.502311,2.492097,-3.476496,-0.12979737,117.45383522727273,0.177040696144104,3290.4921281244474,Energetic
-53.18525,57.17846,21.168882,11.324465,18.122362,1.6665678,0.34381622,2.3195999,-5.1097407,2.7499392,3.1528792,-5.519139,-3.1672285,-0.5232683,-2.6500192,-1.9904132,-1.2388088,-3.3710387,-3.7308135,-1.4404519,92.28515625,0.16131842136383057,3591.73383244625,Energetic
-44.234295,52.219402,3.3025827,43.808002,12.616858,24.422096,4.970884,15.33408,2.0627646,10.375376,-1.5161041,8.840581,0.42485893,4.697436,-1.7848297,2.9537396,-2.0194726,-3.3882825,-4.194432,-0.42168602,129.19921875,0.19658778607845306,3048.5690425083776,Energetic
-83.583496,64.47946,5.6559176,2.7011647,0.790316,6.170802,1.8922688,1.9798596,-1.8164452,1.8574665,2.4598763,-0.22793382,2.9555101,-3.3824587,-0.87964565,0.04498539,-1.571096,0.5579812,0.30237278,-2.7803588,123.046875,0.11456060409545898,3328.830808812161,Energetic
-24.69177,73.7432,-11.558471,28.394289,6.2409563,2.4656217,8.6340885,12.309108,-4.102859,13.385866,1.9154302,-0.97336847,0.60836476,2.3642092,-3.7914464,-0.9334679,-0.8856284,-3.4995823,-0.97060335,0.11684973,107.666015625,0.20725701749324799,2722.0804866206827,Energetic
-14.574394,65.21034,-19.872639,31.50833,-4.8264494,11.86232,9.994609,5.9573913,-3.8033698,9.377889,-4.387916,3.339541,-4.444171,-1.267118,-0.83626723,-2.202067,-4.7423997,-2.6242144,-7.4693303,0.22922204,123.046875,0.19194462895393372,2848.2245207476594,Energetic
-53.44801,56.161034,-6.3209867,31.619057,4.6533747,16.347412,4.119817,1.8823282,-0.38823876,2.495932,-0.5415109,0.9562786,0.4956481,-0.16682088,-1.8157804,-2.5324876,0.81604844,-0.34222034,0.5600922,2.7850673,129.19921875,0.15960243344306946,3099.1841465490747,Energetic
-32.467175,65.00107,-26.697556,30.282536,5.7431293,11.739748,-2.1584125,10.449982,-2.3618212,5.3235164,-3.8081305,-0.8611962,-0.1878253,3.4654243,-3.0110605,0.43562254,-0.93142164,1.178315,0.0062354594,2.8587081,123.046875,0.1906038224697113,2802.541418287883,Energetic
-68.970566,63.131035,-15.854861,28.00219,8.1834755,7.321165,-4.936118,9.494793,-0.9736147,-1.6035987,-6.1901298,-3.9367533,-1.1710128,-6.543671,-6.177693,-5.0452127,-4.4068336,-5.3750815,-1.6540104,-0.88945585,129.19921875,0.1189480796456337,3016.630571985955,Energetic
-6.7841387,61.126324,-16.656654,27.431993,7.7223644,16.008894,4.6347065,11.4495,0.336292,9.832176,3.1856217,5.025588,-1.8622084,1.482043,0.9412412,-0.43822497,-0.73170006,4.4446716,-1.8448051,-0.6028675,107.666015625,0.2328503429889679,2877.646855543141,Energetic
-41.32795,62.794346,7.325327,12.125494,6.3566375,9.265047,3.0930905,13.867353,0.16360408,8.0671015,-2.697001,-7.219517,-3.2453783,-1.9231242,0.5200374,-3.1877124,-5.547015,-9.166518,-10.670773,-5.9729233,95.703125,0.1888572871685028,3132.849239309041,Energetic
-57.66927,68.380356,-15.251752,23.414114,14.855438,13.172661,2.1979194,12.811309,0.061214812,12.777958,0.039405786,3.3698213,0.8151105,1.0514909,0.54541034,2.9783316,2.9126883,4.022737,0.5252392,1.9603633,112.34714673913044,0.17580029368400574,2739.0755703377026,Energetic
-40.070427,56.209106,23.679754,31.92545,2.4516678,2.5737195,-2.4787798,3.092059,1.8828641,3.3509662,0.00014283267,-1.5209646,-2.4554946,-5.073821,-3.6762688,-7.849821,-3.0386093,-2.7839167,-7.496366,-3.6325722,184.5703125,0.17078040540218353,3391.8321168993366,Energetic
-23.927664,61.220757,-0.9586991,25.331013,0.3942347,6.0302544,2.4890816,6.189192,-0.32926697,9.696876,-5.5078354,1.061818,-2.4369648,-0.56662,-1.5567182,-0.896729,-6.7337766,-3.7109935,-4.4605083,-0.77398497,103.359375,0.1737232655286789,3087.483970853388,Energetic
-46.826416,103.7258,22.146416,9.233178,2.2635014,-4.791668,4.8094583,0.9585231,-9.410542,-1.0655137,-0.8630862,-5.27438,-1.7578694,-3.6494381,-4.312637,-0.08632922,-2.5016925,0.542379,2.5184677,-3.5447366,123.046875,0.2158627063035965,2361.735960891677,Energetic
-36.030983,83.65931,-2.7294114,32.392513,9.1963415,4.1342163,0.03383913,11.114394,-2.8908205,7.905869,0.6144369,3.6502342,3.7515383,4.0707974,-3.3186333,0.09888026,-3.8431957,-0.5068442,-3.4149015,-0.7712105,123.046875,0.20560874044895172,2522.8702609517236,Energetic
-98.156845,92.40119,2.6636736,19.337896,3.586051,-1.7657076,-1.7049835,-3.1714423,-9.09204,-4.080457,-5.1855764,-5.48785,-4.233516,-3.7713585,-1.7159791,-5.5846477,-4.687199,-2.7077785,-1.8423917,-3.0930302,123.046875,0.11607085913419724,2564.6775896822555,Energetic
-73.150406,71.752396,12.0955715,1.3943439,4.529426,10.863227,3.870923,0.93866116,-5.9797716,9.034468,-2.3677688,3.5552125,-0.14264001,3.109238,-0.07392056,0.36490583,1.084568,1.520907,2.3046875,1.9287057,123.046875,0.13866780698299408,3043.380831699277,Energetic
-95.10371,109.35317,-30.161179,16.358656,20.03973,11.962816,3.48553,6.1739693,5.200183,8.620757,0.3425964,0.3836271,0.53627163,-1.8029801,0.97747785,-0.06397869,-3.6734533,-2.1387339,-3.6518173,-4.407776,117.45383522727273,0.14695052802562714,2117.5507614054177,Energetic
-103.961624,105.809135,-14.32573,36.73847,-10.348667,16.81085,-6.8228097,8.140346,-4.461959,0.9882635,-10.006155,0.3835429,-1.7078525,2.9656322,-0.89472985,-3.0466807,-4.439489,-6.513695,-8.457305,-2.7770846,161.4990234375,0.12461574375629425,2117.828754709546,Energetic
-115.132545,70.42538,31.242792,11.176329,13.06419,3.867458,1.8087032,4.9707108,-1.0388265,3.9260278,-1.292635,-0.68841565,-1.0751352,-0.14145271,-2.1613638,-2.3170588,-6.3917284,-5.3133707,-4.9977107,-3.8522289,107.666015625,0.11133676767349243,3248.532892801311,Energetic
-71.94239,46.88916,21.026213,29.95096,9.497893,2.4052784,8.244612,2.5142548,-2.162969,0.43971246,-0.23318732,-1.5565152,-3.6136653,-3.8174977,-5.2896686,-2.9235542,-2.9003375,-1.7993289,-0.7156233,-0.98826045,123.046875,0.13689656555652618,3707.487312505618,Energetic
-32.173412,60.033607,3.3775675,18.969069,4.326335,0.68113494,-2.0263913,1.3316941,-4.64699,3.7893417,-6.734154,-4.892331,-2.3437293,-1.6774993,-3.493383,-2.6775057,1.0068876,4.0120397,4.7022734,5.8544073,112.34714673913044,0.17820890247821808,3167.808308145324,Energetic
-69.599335,83.05957,-16.599525,0.11946933,7.4157043,0.7696189,1.337008,4.6906857,-1.4208714,3.328473,-2.8755643,-8.202937,-5.765528,-0.2663811,-3.2104325,-1.8850925,4.043784,3.6543794,1.9138741,3.6086924,129.19921875,0.14297516644001007,2625.095043461179,Energetic
-124.19868,90.16968,-11.312609,10.940362,-1.1521436,-3.7543976,-0.85304725,-3.8402538,-3.7089515,-0.2670247,-5.823245,-3.4306006,-4.6257415,-4.559666,-5.4870396,-5.199043,-4.60868,-1.811132,-1.3179176,-1.9561292,123.046875,0.10787618905305862,2410.0020281305497,Energetic
-68.09459,66.36573,11.869311,21.982038,9.769293,6.6966743,1.6115297,3.8194947,0.95873666,4.773914,-4.2044983,-0.058831323,-1.2347758,0.07779592,-1.1298578,-2.0621068,2.565989,1.388854,2.1794925,2.2477424,117.45383522727273,0.1430158168077469,3042.993183926036,Energetic
-155.63731,60.568497,23.166864,31.186348,25.054384,16.906994,9.43836,8.449133,5.317451,6.5566573,5.7627544,3.9231863,7.559716,2.156522,4.427986,4.34529,-0.02313582,0.8937063,-0.49496502,-4.7843685,112.34714673913044,0.11559313535690308,2909.983968555962,Energetic
-20.481245,53.708107,5.945927,10.153069,17.057161,9.541378,4.6119027,6.398941,-0.33330104,1.7238895,3.6845264,-0.7746318,-5.887973,2.3219109,0.36891207,2.7516134,-0.53185666,-1.2027637,0.24694541,-1.2757894,123.046875,0.1725243180990219,3713.366946149792,Energetic
-59.006565,68.87012,-8.457222,3.5900607,5.072522,3.284628,13.525487,-1.3692733,1.6712121,3.7126453,-3.715991,-0.31718877,-2.8357635,-8.801013,-4.4926963,-6.412872,0.45433876,-2.272671,2.9792905,-0.018868366,103.359375,0.14752869307994843,3075.059149844922,Energetic
-40.729237,63.947403,4.90489,16.340809,12.100067,9.339081,4.540618,5.189633,-0.5894374,-0.069851995,2.9546144,-1.4821672,-1.7598724,-2.2666602,-6.12547,-4.724787,-4.7429504,-5.763995,-4.029355,-5.362603,135.99917763157896,0.1699541062116623,3168.1112406928287,Energetic
-66.56881,58.31062,-8.179027,15.493415,5.575189,7.6971626,4.071543,-3.5835304,-1.3218851,1.6088259,-5.482533,-3.7345495,-3.2398586,-1.3290434,-3.4326327,-1.1864657,-4.382923,-3.6565218,-2.0906227,-0.30984744,123.046875,0.115748330950737,3257.126964639291,Energetic
-123.20344,86.96168,-22.495186,6.9312387,8.458766,12.637701,-0.85900444,-0.8323708,-3.262091,2.6230345,-0.7835581,-0.4259602,-3.8292584,-5.653187,-1.8435526,0.12274642,-1.0618997,4.500085,-0.97467154,-5.260678,112.34714673913044,0.1111329048871994,2447.5053952029866,Energetic
-57.800613,86.53878,-11.776967,38.7768,2.375864,8.829936,-1.2931182,9.917737,-1.6644963,9.836173,3.0134122,7.5246854,1.7179295,5.66263,-0.7007106,3.4496064,0.1333466,-0.95583814,-2.637059,1.6531117,129.19921875,0.15696203708648682,2450.4078120136996,Energetic
-65.79326,52.831802,16.578833,12.54698,5.604338,8.383381,-0.610474,-0.6237841,-4.0820427,0.6868591,-7.787458,-1.8914623,-7.2499976,-5.273299,-3.0442164,-4.339184,-2.543758,0.72082615,-0.30960432,2.9366217,129.19921875,0.12288417667150497,3653.396938317012,Energetic
-51.8135,55.668415,11.396621,7.4714856,12.000198,6.2591653,4.3569694,4.3104258,-5.940892,0.56579393,3.599389,-2.3887086,-5.823012,-4.526179,-7.0146923,-4.256947,-1.7328707,-2.1438155,-2.4903357,-1.5405889,123.046875,0.15231217443943024,3623.816329797985,Energetic
-23.558338,57.343533,7.011987,16.525126,5.500359,11.859777,1.6749339,5.4618583,2.7552292,7.3391504,1.9634923,1.2612275,-2.3459415,-2.3197463,0.10894825,-0.14546102,2.2749884,1.580436,-1.8456298,-2.4429183,135.99917763157896,0.17306745052337646,3348.2009991791724,Energetic
-26.568245,52.047867,4.177975,12.859308,16.740139,10.133737,4.47516,6.3269105,1.1580266,0.64618856,4.612163,2.143196,-3.3678746,1.62928,-1.8801037,-1.0871792,-0.67252105,2.3821046,4.165998,2.8615503,129.19921875,0.16388438642024994,3637.551798162976,Energetic
-77.395744,52.15557,-8.997961,12.852356,8.566091,2.892013,8.930743,4.013753,-7.3446417,-2.260518,0.9621685,-1.0486537,-3.7624762,-3.5320666,-2.4292212,-4.880999,-1.8485128,-4.170674,-1.6632475,3.508745,123.046875,0.1131276935338974,3354.360372505759,Energetic
-107.36452,91.02147,-8.338967,34.284462,-1.9262824,3.7966006,10.531457,5.5613923,6.9440746,4.7774057,0.6849833,-3.8546648,-2.5791147,-0.90398216,7.024838,3.7832522,3.3438792,5.20636,2.8768697,3.1789966,112.34714673913044,0.1243385449051857,2328.7358232995766,Energetic
-78.35117,80.074615,-9.1673765,25.477053,-3.3905444,16.8094,7.2707057,1.818662,0.49557424,6.320318,1.4938977,2.1636302,0.6581049,-3.3820214,-0.911081,2.9360857,-0.6341332,5.8765235,1.8965186,-0.61301386,135.99917763157896,0.14515092968940735,2605.158778871083,Energetic
-122.06817,116.81796,28.333023,24.729452,10.946231,-1.8944625,-1.4049608,-0.94842124,-3.5381525,-2.6139371,-1.1199347,-4.180541,-2.5521882,-3.766393,-0.25579134,3.2379718,-5.7643414,0.7164778,0.27367613,-2.2794302,161.4990234375,0.17537039518356323,1776.3958801199312,Energetic
-62.305237,92.054,-19.720612,17.629362,-3.1775432,5.41975,-4.000616,8.885712,-2.4901588,3.1609383,-0.529875,-1.4906911,1.2983328,0.9118191,-1.5740796,-5.345329,-1.377516,1.9313309,0.52388924,-3.3288658,103.359375,0.1359810084104538,2403.9325975307147,Energetic
-62.788113,77.8459,3.535339,26.012877,5.932444,11.292923,11.104592,-1.9596616,1.829974,9.18684,4.068377,0.9767575,5.618282,0.6827658,-0.13502204,2.2042742,-1.8583151,-6.8201756,-3.192486,-3.5373251,129.19921875,0.1736527979373932,2875.523793893122,Energetic
-71.24205,97.72146,-18.355276,8.578153,5.202039,-0.93892175,0.4680155,1.6290964,-4.778091,0.06490763,-0.5487089,-4.452,-5.314456,-4.7849913,-4.604325,-5.987757,-2.9043708,-3.4409497,-2.5677822,-3.0350146,123.046875,0.14895689487457275,2330.4341487066677,Energetic
-81.29733,106.4762,-9.534991,17.970007,3.011078,8.301614,3.893875,4.2491026,-3.7393968,-2.078543,-2.2060983,-4.5875278,-1.1600444,-1.8838694,-0.2266775,-1.036716,-3.2868865,-1.8739796,-0.70982325,-0.5524986,123.046875,0.13541683554649353,2248.158016320912,Energetic
-125.69445,101.78628,-17.488695,33.67749,-15.244758,23.698763,-8.658021,18.546085,-14.059921,19.96296,-15.148182,12.975601,-14.307979,3.033168,-7.09871,1.616406,-3.9054322,5.3860574,0.9615917,2.6921427,123.046875,0.11299213767051697,2259.667499272963,Energetic
-280.90808,120.8154,-37.612255,28.736147,-10.789445,-6.406519,-13.808621,-4.0625076,-14.859974,4.7919674,-20.17432,-5.09395,-6.7920375,-6.4094267,-1.7583934,-4.1261473,3.4049892,4.251874,1.014789,-1.1414523,123.046875,0.046984799206256866,1710.8442048759703,Energetic
-105.02068,80.22214,-41.111576,54.02576,-8.379423,25.721209,-12.471842,28.713753,-15.008995,15.610892,-7.6170635,12.414465,-7.368524,5.769286,-9.625082,3.9907076,-7.35203,3.4371169,-3.514105,-2.9073317,99.38401442307692,0.11230551451444626,2616.176846102278,Energetic
-45.132,98.671646,-24.668423,40.512596,-18.104605,26.115303,-12.69484,13.988503,-15.421141,16.17926,-14.377716,8.140356,-11.939819,5.377607,-7.686566,3.684058,-6.807864,1.4850638,-5.80723,-2.5007093,123.046875,0.20951692759990692,2397.052524918614,Energetic
-45.80532,101.740105,-32.078636,34.265602,-17.547403,32.327183,-15.645262,22.041264,-16.110874,18.677486,-13.079386,16.47522,-9.913809,11.567794,-7.7403994,6.131409,-7.3614235,3.5779817,-6.616034,2.8414469,107.666015625,0.158993199467659,2376.1512622758464,Energetic
-77.198685,89.36663,-34.232285,38.68127,-22.269873,31.254671,-16.385426,22.344227,-16.015026,19.283667,-13.230427,16.72414,-10.393917,11.381442,-8.547002,5.7291126,-8.349093,3.055977,-7.5780926,2.2519233,107.666015625,0.10635125637054443,2651.320247246162,Energetic
-70.51619,90.476006,-48.086514,36.67485,-17.666037,21.603977,-30.18695,24.03991,-20.447668,14.48298,-18.503065,9.126517,-12.047067,6.2659683,-11.558922,4.9087744,-7.8774056,-0.64481187,-4.3557434,0.19770393,123.046875,0.12529388070106506,2591.5017766838123,Energetic
-108.510765,69.93312,14.870285,45.539623,-5.3849373,41.803654,-13.518741,32.559277,-20.397465,23.435902,-12.123884,17.999403,-9.038809,6.992761,-4.731377,2.3560433,0.19970368,2.3458986,-0.78666043,-0.59490657,135.99917763157896,0.17256750166416168,3079.468912826982,Energetic
-226.35432,78.271614,7.8452187,53.856804,-1.151935,11.3028345,-7.8484793,24.36511,-14.952828,18.494566,-19.137503,6.1562767,-10.068168,5.2878304,-11.683896,3.3380044,-11.275221,1.3868339,-10.699085,-4.3292,112.34714673913044,0.05215665325522423,2566.1260441601803,Energetic
-103.09195,107.497505,-33.52649,52.796356,-9.143341,30.365688,-9.337432,23.046274,-11.900222,18.170902,-7.554082,9.401475,-5.444428,6.6532264,-5.613328,4.149191,-5.471509,0.8388856,-0.05420621,3.7572117,129.19921875,0.12149045616388321,2108.1997863703064,Energetic
-182.7882,124.1851,-10.062487,41.59245,-7.3899937,26.952116,-12.362844,19.820305,-16.069172,16.206388,-10.253923,3.1237123,-8.989257,2.1562557,-6.1063056,3.9118848,-3.7005363,4.9401956,-1.2491527,2.5313783,89.10290948275862,0.0762047991156578,1755.2903582545093,Energetic
-143.20898,122.59269,-23.92042,28.14886,-23.689157,23.08134,-17.911198,18.753313,-18.636002,18.356426,-13.91446,9.730259,-12.243754,4.9380503,-8.392431,5.480608,-7.8706884,3.937847,-5.71553,-0.63423425,117.45383522727273,0.07617443054914474,1937.935756160484,Energetic
-109.5915,104.1451,-16.217413,45.376465,-10.195766,25.558594,-17.158018,22.278688,-16.850662,16.535793,-12.096706,8.670637,-8.84719,5.2464542,-9.296139,3.4515903,-7.895842,1.5266707,-4.04567,-0.10831421,129.19921875,0.12223055213689804,2217.9682141739054,Energetic
-109.0528,106.848564,-18.27907,23.423592,-17.764582,19.019663,-13.615213,18.686106,-18.371767,18.402845,-9.714787,11.857383,-5.560523,12.884756,-3.8281438,8.68438,-7.0812664,5.4192944,-6.198667,2.3279176,123.046875,0.11695980280637741,2279.818496274842,Energetic
-121.09522,116.9425,-22.786968,45.148933,-4.2390513,30.256325,-12.245274,21.729876,-16.540764,16.23328,-10.6551695,7.3304205,-9.353951,5.7834063,-8.41908,2.7517536,-8.0942545,0.3694728,-3.2401588,3.585284,129.19921875,0.11449886858463287,1975.2274580999904,Energetic
-91.88631,87.60406,-2.0581753,34.285538,-18.153368,19.344702,-14.697328,17.116173,-15.334747,17.040913,-13.55869,11.848034,-9.81162,9.113958,-11.469915,-1.0519092,-11.64962,0.29344088,-1.2797364,0.09898164,123.046875,0.18443451821804047,2550.135383866737,Energetic
-107.8676,81.936584,-30.63407,41.331936,-8.509502,31.33373,-8.869069,26.030903,-8.280142,17.894875,-4.652872,7.4255123,-4.352716,4.491106,-4.0987024,3.0722196,-0.2864228,4.9930854,0.40634808,3.8392715,107.666015625,0.15116338431835175,2387.922380957909,Energetic
-51.776085,70.33135,-3.9117007,49.74228,1.5879707,35.703487,-4.088695,24.787909,-9.707022,22.039282,-6.114996,17.18126,-2.7664242,11.962386,-1.6310154,6.924509,-2.909797,4.9149704,-0.48781276,6.7344446,129.19921875,0.29373863339424133,2583.326723139977,Energetic
-189.21512,93.95932,7.9057827,41.8906,-7.0920463,31.882492,-12.586035,24.2205,-6.057699,24.537947,-6.0252366,16.76309,-2.0117977,6.338117,-8.548105,3.8101702,-2.5845132,-0.8613338,-3.1122644,10.213786,123.046875,0.09222450852394104,2144.2930792368275,Energetic
-106.243805,105.575874,-5.5135617,50.055817,1.2439842,37.0026,-9.622076,24.011703,-8.668455,14.975656,-2.5260408,9.76544,-0.9115707,3.856074,-1.5508847,3.566325,1.5332674,2.0969243,-4.0135326,-2.6234522,129.19921875,0.1853540688753128,1887.648892045496,Energetic
-57.606716,96.69189,-24.42202,40.01419,-17.260252,27.834213,-13.297422,23.196402,-16.528564,19.427147,-15.485601,11.82569,-10.574847,8.35943,-9.370791,6.5462084,-3.695063,0.3470924,-4.4089584,1.5547028,135.99917763157896,0.16957618296146393,2492.8521058348206,Energetic
-103.76036,92.46227,-27.230408,39.22129,-23.052734,20.634798,-17.766901,18.950554,-15.204782,16.394331,-14.6620655,12.249461,-14.973013,8.244381,-11.897317,1.0192477,-8.905782,5.179015,-6.445103,1.7000207,99.38401442307692,0.09135410934686661,2541.995563795192,Energetic
-93.31913,77.83445,-8.7843275,42.07125,-11.249412,24.245377,-17.912214,22.240355,-16.039137,16.687471,-15.665248,15.410949,-18.128246,10.212018,-14.608057,1.8476799,-11.091009,1.1463727,-10.552759,5.189855,107.666015625,0.10679331421852112,2956.6002017744845,Energetic
-118.3657,114.23729,-6.7823,37.40087,-17.431938,28.36287,-23.726538,9.28381,-10.439461,12.624765,-5.1486764,12.253149,-3.8705227,4.3780017,-9.250749,3.4737234,-7.952151,3.6644185,-6.156882,2.7070289,107.666015625,0.11158227175474167,1931.1496588575947,Energetic
-81.727165,97.61068,-27.583755,36.644188,-17.252998,30.76932,-15.948635,20.968245,-16.22693,17.418455,-13.363811,15.080846,-10.38692,10.253875,-8.392584,4.7922664,-7.943187,2.3002288,-7.105159,1.768119,107.666015625,0.11101832985877991,2449.296921443876,Energetic
-105.51604,79.25659,-15.207652,40.825546,-12.26779,23.559671,-19.938488,27.319258,-16.512426,21.538397,-11.68012,13.991893,-10.775013,9.3779545,-12.224892,2.0753546,-12.23068,2.8724236,-4.6847653,8.17402,112.34714673913044,0.09814836829900742,2809.021561476355,Energetic
-128.46767,67.26374,-36.918983,40.90837,-21.745594,23.162697,-13.252984,13.093862,-14.004485,17.799564,-15.179246,16.37246,-10.465581,12.8358555,-9.216799,4.3896093,-5.4432764,7.246392,-2.667623,6.573777,135.99917763157896,0.08449772745370865,2902.9834800553963,Energetic
-95.25163,82.25366,-26.221525,37.522614,-16.3551,25.29429,-21.796482,21.811947,-20.064442,16.297644,-16.119652,14.439221,-11.907043,7.1689878,-11.668229,5.07811,-10.222132,4.79348,-6.018384,-0.24143372,112.34714673913044,0.09553591907024384,2846.8226092079603,Energetic
-40.762928,86.78239,-26.962378,34.941532,-20.048147,21.65764,-23.953712,19.265038,-17.53156,18.037153,-16.020786,12.446079,-13.877287,6.013273,-14.214262,-0.81543213,-14.490395,-1.229841,-7.699562,4.327605,112.34714673913044,0.17761214077472687,2649.217859026324,Energetic
-91.75992,86.314995,-17.351944,43.106064,-18.40748,34.058987,-18.420603,26.836887,-13.56513,20.214409,-14.637163,12.668141,-12.608889,6.200999,-10.449866,7.365131,-8.057861,7.1151733,-2.459065,-0.116170354,135.99917763157896,0.11085661500692368,2690.932759278845,Energetic
-95.872894,103.33598,-36.4608,27.1251,-22.873161,9.985935,-24.656694,15.670155,-20.151213,18.746262,-18.563173,9.864557,-15.108639,3.8944142,-11.188668,0.5124213,-5.4709244,3.1176531,-7.906384,2.9722521,129.19921875,0.12425734847784042,2252.122477978003,Energetic
-56.901474,97.02408,-17.874454,44.933502,-6.9323897,23.81333,-23.314041,25.996197,-10.480186,10.453681,-15.226058,10.030943,-9.161243,3.7398655,-9.396589,3.483016,-8.049632,1.657038,-6.0185494,4.4114547,117.45383522727273,0.20663262903690338,2308.7942063741325,Energetic
-182.05023,103.41656,-18.22728,31.200912,-12.540436,18.842093,-12.869497,19.378906,-17.704332,18.50028,-14.324433,11.545081,-11.634119,5.5954614,-8.039428,0.2704892,-8.0900135,2.727342,-3.2884355,3.507127,129.19921875,0.06824227422475815,2219.3232376250994,Energetic
-154.6233,97.9326,-10.35732,39.12367,-11.213964,24.11131,-11.846502,24.19123,-13.460304,20.553188,-8.327632,5.867451,-9.686904,3.944323,-8.819821,3.312212,-0.29934305,7.594323,0.6562108,0.8080189,123.046875,0.08476999402046204,2292.577700466476,Energetic
-219.45564,94.70133,12.129364,48.870068,-7.2120833,16.628513,-15.087896,21.71444,-20.00235,13.238806,-15.698357,5.057012,-15.283744,0.07390088,-9.203971,0.23449886,-9.558946,-0.7515614,-4.5294027,-3.6864765,99.38401442307692,0.05919809639453888,2143.645601948083,Energetic
-193.22008,89.19422,-20.013872,38.74353,-2.7159598,17.057266,-7.9501605,16.08651,-16.764881,7.716307,-15.71264,9.034709,-11.31675,3.895385,-8.224794,3.017059,-6.879084,-0.70772284,-6.407637,-0.54687506,86.1328125,0.07870452851057053,2292.41885340361,Energetic
-63.65034,94.46596,-13.425887,32.77123,-13.71462,26.78027,-19.395613,24.65254,-11.667618,13.727572,-9.442895,8.833796,-4.9801464,9.214891,-3.470476,1.486269,-8.885652,0.25321525,-5.4527493,-1.133074,123.046875,0.18090620636940002,2577.013955506876,Energetic
-167.37817,112.48347,-4.58242,37.09087,-8.613286,27.826746,-14.716945,18.52263,-16.490128,13.760585,-13.3312845,10.215414,-11.575291,6.7448573,-9.2008505,4.9011545,-9.726244,1.520227,-5.5773807,-2.0606303,117.45383522727273,0.08762018382549286,1959.5165152861578,Energetic
-197.17924,83.36067,-38.55783,43.7167,-7.2955384,25.659225,-8.642003,13.397131,-12.153697,12.154943,-12.050202,10.627792,-2.405342,12.013289,1.3748271,6.7643423,-3.376777,-1.6519369,0.06695278,1.4112642,112.34714673913044,0.06203171983361244,2455.1239938572585,Energetic
-166.76927,67.73106,11.18009,37.429222,-10.941419,27.39617,-18.94085,27.29737,-15.843282,20.550398,-8.622007,14.187619,-6.048987,12.008676,-6.0718484,7.280311,-4.233474,5.1343756,-4.5242863,3.4615293,123.046875,0.08925271779298782,3002.526732630542,Energetic
-95.80325,122.05659,-29.31912,50.3165,-11.940644,28.410152,-7.0477815,11.851946,-8.612015,11.568435,-18.395964,6.8620915,-11.662833,2.6845434,-5.792651,0.6457212,-7.2554846,1.7374233,-6.154603,-3.7481859,123.046875,0.16525840759277344,1867.9206448682273,Energetic
-100.293015,110.01217,-26.644552,36.82376,-10.413421,28.777048,-14.843354,21.28987,-19.675669,18.522434,-16.387474,9.157716,-13.791584,3.9903712,-10.459232,2.8376312,-4.316738,3.1700075,-3.746579,3.5572653,107.666015625,0.11922803521156311,2139.4226685316103,Energetic
-97.88562,101.0036,-40.54761,51.050194,-11.70962,25.064745,-14.048207,17.197395,-9.623669,16.97353,-7.173523,11.723433,-5.71623,6.2494135,-6.0607915,4.6876745,-6.252405,-0.98431545,-2.744111,0.6273677,123.046875,0.11904259771108627,2238.799259178444,Energetic
-114.932045,113.46387,-29.804312,42.612103,-10.32601,26.973412,-14.493735,21.240532,-17.650537,17.097872,-13.478901,8.591483,-11.4274235,6.205875,-10.899924,3.6583583,-10.31746,0.56217366,-4.165685,3.474561,129.19921875,0.10027614235877991,2129.3458917106645,Energetic
-125.715775,88.52809,-16.738844,42.798138,-9.901168,29.185856,-19.342821,20.458702,-16.505531,15.012512,-8.765586,12.78412,-7.7588887,7.052417,-8.516408,3.2717617,-6.498946,5.7955213,-3.5007174,-0.04912919,129.19921875,0.09060020744800568,2574.7458410439813,Energetic
-116.98034,98.51445,-19.014011,44.84704,3.8032014,28.483187,-1.102687,14.693483,-7.7538233,9.756313,-10.111344,6.3672557,-3.9202325,7.902921,-3.2126446,0.13058019,-7.841634,-1.7346324,-2.4309783,-0.72165364,99.38401442307692,0.17351265251636505,2036.7728048043857,Energetic
-123.78829,89.824844,-1.8406465,51.169796,-16.261305,28.283545,-12.495138,19.032148,-13.280038,18.50002,-13.776396,12.866395,-8.7555,8.260726,-8.236545,5.5192523,-8.406669,4.4795265,0.3087593,1.8299166,117.45383522727273,0.10670019686222076,2457.998545443571,Energetic
-86.0438,87.53873,-20.172316,54.019077,-1.0642165,19.562546,-4.0897794,21.03777,-19.567509,12.389662,-22.010809,9.599066,-15.931526,3.9723325,-13.932702,2.383717,-7.737426,3.4512784,-4.1580405,5.9184194,107.666015625,0.15334106981754303,2461.186456192989,Energetic
-130.00577,102.49775,-4.443132,50.061092,-15.532888,32.12815,-18.18232,24.28785,-11.902589,13.763347,-12.898068,7.2710958,-9.37947,4.604165,-9.579843,4.24868,-4.6832943,-0.45490158,-6.882829,4.7626505,135.99917763157896,0.0993054062128067,2208.1328125649534,Energetic
-159.86688,81.975266,-16.765373,52.506096,-4.448031,22.865053,-8.22628,23.367426,-5.528469,17.693354,-15.369107,10.806196,-13.526739,1.7440386,-6.560189,5.105752,0.3296954,6.998458,-5.4562087,0.80631334,123.046875,0.09841010719537735,2487.5432668509993,Energetic
-133.8668,93.47174,-24.215984,61.442543,-22.856274,30.976551,-14.959397,20.244455,-9.292844,15.786768,-8.740784,11.96879,-5.3208146,4.992871,-0.67285985,3.7227201,2.09798,5.4435353,3.0959997,2.4591088,103.359375,0.09199634939432144,2481.887352406179,Energetic
-116.92593,75.75966,-4.20548,37.287037,-5.3384075,31.376095,-12.168359,22.909481,-11.43796,14.62477,-13.049892,13.411265,-13.22882,8.251243,-15.236953,9.83192,-6.212928,8.001915,-8.030049,4.3991666,129.19921875,0.10807371884584427,2826.0632063160606,Energetic
-91.597725,99.463974,-8.991621,40.185043,-18.037636,22.567217,-21.956272,15.782541,-25.665386,17.664223,-13.675539,15.635084,-15.469164,4.5212984,-10.157356,0.4606566,-10.151421,4.796902,-6.8835435,-0.9924838,123.046875,0.12268789112567902,2417.457577864453,Energetic
-91.597725,99.463974,-8.991621,40.185043,-18.037636,22.567217,-21.956272,15.782541,-25.665386,17.664223,-13.675539,15.635084,-15.469164,4.5212984,-10.157356,0.4606566,-10.151421,4.796902,-6.8835435,-0.9924838,123.046875,0.12268789112567902,2417.457577864453,Energetic
-80.92658,84.79292,-31.540653,33.89926,-19.848768,23.558195,-22.125015,20.021149,-16.759602,19.211897,-13.106137,11.505604,-10.7269,10.569202,-8.427004,7.3234506,-5.3749456,7.6905966,-5.544044,1.5257047,117.45383522727273,0.12524041533470154,2667.664494927173,Angry
-81.1395,49.606533,-14.548335,57.986927,6.8434696,27.148214,-6.8552327,31.304077,-10.086364,20.312963,-2.5413642,12.746546,3.9735262,13.23515,-2.3756185,12.26852,-7.035885,4.756272,1.8735869,0.022320066,92.28515625,0.2855836749076843,2808.1424053109326,Angry
-202.88756,132.38377,12.001245,43.77104,-10.231295,17.12234,-13.5626,15.044013,-16.261728,9.421977,-11.645681,7.0476594,-4.317207,0.83221424,-5.6038814,1.2634315,-6.975631,0.39049447,-2.4323802,-2.9321568,99.38401442307692,0.09350615739822388,1490.5209977308093,Angry
-40.255154,80.830086,-25.643091,38.42609,-11.072868,24.912197,-7.3689013,26.772398,-5.286711,16.798525,-3.4986296,8.451586,-5.5967097,12.057393,-1.89245,10.485354,0.6510143,0.27163374,-5.0933547,-4.0094256,92.28515625,0.2664608359336853,2493.1638737463427,Angry
-140.2109,71.62181,-3.77539,39.005466,4.1943936,31.507359,-3.9653087,19.763544,-3.7660909,16.000134,-3.1709106,11.85097,-1.2552046,5.775349,1.2760401,1.659386,-0.8388632,1.6146661,-4.0749097,1.1415371,95.703125,0.20048166811466217,2372.727829534901,Angry
-11.6755085,81.99325,-8.505697,52.767826,-14.70422,31.964735,-19.689999,22.869427,-14.710648,14.518811,-10.083078,14.005072,-8.073014,7.4342127,-5.4978147,12.842176,-3.6973355,6.2179585,-2.5902514,0.105408,71.77734375,0.2616737186908722,2708.9613684451087,Angry
-59.61099,63.90056,3.4885833,45.23571,-1.1763211,28.239433,-13.166778,23.60513,-6.623221,16.478992,-7.2890754,14.477247,-5.7934427,8.176779,-6.8806267,6.7361226,-4.475576,0.96118426,-7.1330266,-1.2612314,99.38401442307692,0.27048802375793457,2859.0217012683083,Angry
-58.451878,103.05016,-7.2154045,44.881863,-8.616438,12.345843,-13.746115,19.97422,-13.1289425,17.136246,-3.9520185,15.581611,-0.46276775,6.9280353,-6.032932,5.6366434,-3.1798737,1.8159584,-2.566344,0.10787371,123.046875,0.2640167772769928,2047.1206937169864,Angry
-111.16549,55.1944,-18.444693,47.21848,-24.78782,22.52642,-21.138931,12.542854,-15.849728,16.296558,-12.565083,9.60918,-12.127598,4.8502235,-2.2139866,6.88599,0.4925366,13.001817,5.9532986,5.4405985,172.265625,0.14187486469745636,3069.3957462220505,Angry
-95.086945,94.193474,-2.5176673,49.533722,-6.6139855,33.199677,-7.5960355,20.96308,-8.853171,16.792492,-5.2458863,10.775888,-3.4604821,7.310613,-3.4420853,3.8423052,-3.2273757,1.7994256,0.09320524,4.0050592,103.359375,0.21563886106014252,2199.9161931162494,Angry
-67.45474,94.84137,-38.85323,37.641747,-12.254447,36.9015,-12.652126,18.297037,-8.852412,17.983482,-7.276881,9.716908,-8.74362,4.505954,-7.58996,0.22546391,-4.8740935,4.8480425,-2.0033998,-0.752528,95.703125,0.17163939774036407,2284.553702393839,Angry
-74.19891,104.60867,-8.396771,49.658215,-9.376968,21.438307,-16.337013,18.78141,-13.079522,18.464,-14.953655,6.8762655,-15.326539,4.772736,-11.097989,4.7435393,-2.8028693,6.797867,-5.8092246,-3.786318,135.99917763157896,0.20375178754329681,2095.2999106477832,Angry
-67.10566,112.41543,-23.642479,44.281246,-18.861816,23.874338,-13.404416,20.146225,-10.650068,20.623596,-7.5087595,14.423368,-9.39121,11.295234,-8.8619585,7.0855293,0.45575356,9.392796,-0.8869534,-0.57510734,99.38401442307692,0.1988905370235443,1976.5494346772984,Angry
-129.40356,141.74866,-42.528156,34.001812,-6.971375,8.68778,-11.36306,15.94384,-9.015018,6.639111,-8.326205,7.5594826,-5.469925,5.8708653,-3.1525168,-1.6954043,-8.807614,-4.858021,-9.291838,2.1231601,103.359375,0.13660018146038055,1798.234427846617,Angry
-51.27445,91.09927,-33.769688,69.9306,-12.950171,23.187635,-13.769311,23.784006,-14.735113,10.69933,-13.481396,6.0735264,-14.7200985,1.686247,-7.245058,3.9597955,-2.6534843,7.552637,-0.12975639,-0.73014706,135.99917763157896,0.18516474962234497,2437.144490615668,Angry
-81.91787,94.772316,-16.236649,40.530563,-12.247199,28.186155,-20.102428,18.101372,-14.641278,14.184542,-7.25433,13.6582365,-8.488,7.899719,-4.8325133,5.101997,-5.8849735,2.0725234,-5.665477,-1.3740294,198.76802884615384,0.14017271995544434,2395.49619173608,Angry
-88.064995,77.3721,-19.0961,51.575947,-11.776864,22.210978,-4.727707,20.109219,-8.32937,14.603727,-3.8112483,8.5798645,-11.464596,2.160578,-12.678757,0.39530534,0.98528606,10.532833,7.6297636,4.3883557,99.38401442307692,0.20763418078422546,2433.764468111271,Angry
-76.82371,98.38955,-5.026062,49.33168,-10.2882185,33.286823,-9.96177,17.61652,-12.23127,18.665478,-10.97679,11.510851,-10.490248,6.2619195,-6.977471,2.4990718,-4.895574,5.468563,-1.8260895,0.636413,99.38401442307692,0.19142626225948334,2144.794528258056,Angry
-113.496315,68.45945,-15.764092,56.38857,-8.150662,27.04156,-12.364466,20.665415,-12.666251,15.433281,-10.998275,14.049129,-12.502553,7.401503,-13.318547,-0.24479033,-12.045159,3.8187954,-2.6738074,5.6455956,143.5546875,0.16556409001350403,2677.639716066268,Angry
-64.652565,88.21731,-10.360637,41.79439,-2.56113,22.901436,-6.498876,16.630945,-5.8019123,13.093463,-6.9120083,3.0270083,-9.772857,2.3434885,-7.0578547,3.2029796,1.7207859,6.090178,0.37340653,-3.036377,99.38401442307692,0.22598087787628174,2470.7222619019626,Angry
-122.2709,50.584606,-27.789642,66.590706,-6.604407,32.067585,-8.222272,22.451204,-6.9416556,21.064743,-6.183085,13.653635,-3.0919614,8.706374,-2.9218123,3.6755152,0.27340916,12.869029,14.640284,15.362202,117.45383522727273,0.17591579258441925,2677.5983922065384,Angry
-27.619719,94.3955,-20.580795,49.872,-14.710575,23.870302,-17.608202,24.036556,-15.884776,16.427292,-10.625279,13.890171,-10.467003,8.20633,-10.300277,5.019436,-5.749617,10.313242,3.633744,9.231848,99.38401442307692,0.24188345670700073,2405.583528376153,Angry
-100.66328,110.21073,1.0357689,38.765923,-14.493545,20.652628,-18.038023,12.568847,-14.126208,15.102986,-9.241577,11.399988,-9.509011,8.644918,-7.103832,2.9938877,-4.5059266,4.691581,-4.1234827,-2.78631,99.38401442307692,0.17352689802646637,2025.7166368995138,Angry
-44.67913,101.19932,-26.271496,52.930775,-11.720016,26.934399,-13.286411,20.705006,-17.487642,11.86239,-10.67016,8.376947,-15.428061,4.877155,-10.053337,4.56282,-1.9874165,7.9827633,1.2147529,1.3717064,92.28515625,0.1905287206172943,2240.3031802876058,Angry
-62.994812,86.3237,-37.947296,39.573452,-16.5329,21.116253,-12.255193,13.094143,-12.382426,16.648333,-3.980502,8.853623,-6.3255115,5.704401,-6.3108354,2.3043609,-0.8654882,6.517326,4.682213,4.39681,103.359375,0.1786591112613678,2517.747734885853,Angry
-44.374714,93.37466,-22.270527,48.861946,-13.884773,34.419384,-6.2979827,25.889359,-12.322335,20.435734,-5.749465,11.854348,-11.549437,10.156776,-3.9590342,10.58692,0.8432876,9.215949,1.7228956,-0.23039733,107.666015625,0.25156936049461365,2305.1590945533026,Angry
-103.22314,30.57212,20.809034,45.81602,9.800678,8.6273155,1.6164563,12.33468,0.51866484,4.9922223,-2.8359497,8.032367,-1.3974612,3.3177283,1.208594,3.3016279,-2.6962645,5.6360793,-0.7149581,2.758796,103.359375,0.1641433984041214,3459.980501661103,Angry
-109.07124,76.91492,2.592334,19.059637,0.55028236,8.174563,-8.068408,5.952351,-4.3305674,3.6560755,-1.5556679,2.6334877,2.2520401,2.8522258,-5.210044,5.358038,-6.1856155,2.2385309,-2.4708722,-5.9738307,92.28515625,0.13497085869312286,2637.4232219262044,Angry
-83.20265,67.71298,1.2305168,29.658491,12.577922,5.613066,6.211838,8.097906,-4.784866,7.664915,-1.1791575,4.242718,1.9306676,1.0202534,2.38057,3.1090045,-8.059311,1.6720583,-1.6563996,-3.2753487,92.28515625,0.15452560782432556,2774.871060337549,Angry
-72.5143,57.03795,5.9483905,25.904427,6.6623893,11.494862,5.109201,10.105276,0.9503963,8.6856165,-1.6870507,5.997685,0.14304207,4.966505,-2.012679,6.097602,0.095551506,4.1566687,0.25136536,5.891547,123.046875,0.16638106107711792,3131.3432607004365,Angry
-23.794031,43.716946,30.55069,26.501972,4.336693,21.913748,2.576287,6.990405,-1.4965212,4.582283,0.41704255,2.464586,-4.074756,-2.0174925,-3.5647283,-0.1283261,-2.4766896,-1.0378424,-4.7686734,-2.6154187,89.10290948275862,0.19396807253360748,3724.7745542619245,Angry
-25.108788,60.825592,-4.1871734,14.84839,6.795023,6.0983334,15.451298,3.7847345,5.6598086,10.247507,0.86333084,4.1838894,0.9262049,3.2527385,0.21559043,2.6983185,0.7047307,0.8962898,0.3617592,-0.006407463,99.38401442307692,0.21307457983493805,3084.823804546642,Angry
-148.12135,90.56765,-0.27532336,28.855238,19.306164,15.245031,4.2814665,15.519956,1.2726042,11.129076,8.849079,6.316172,1.6312523,1.4264013,-3.4119387,1.1954082,-0.7235132,0.78173167,-0.45094883,1.7203565,99.38401442307692,0.1344866305589676,2145.890945678912,Angry
-31.93763,59.89348,-2.7075214,33.514893,13.086964,9.461902,-1.6719098,14.184528,3.138348,6.803654,1.16956,3.8993716,1.6967896,1.2543108,-1.4599715,-0.16600098,-1.5947375,1.8287376,1.5520315,-2.302336,198.76802884615384,0.21436136960983276,2982.0828218625525,Angry
5.841989,53.237312,-8.979136,26.946,0.44115078,15.555138,1.657118,7.6658325,4.9847784,8.606436,3.414468,8.525943,1.1329907,4.909482,0.8620598,3.4024034,-2.8807528,2.7900434,-1.7171186,-0.2781785,198.76802884615384,0.22781994938850403,3191.1765117370255,Angry
-100.91944,64.29094,12.551603,26.481697,12.40743,12.135959,2.469894,18.496998,1.5057791,12.0577135,-1.4862086,6.7316265,3.8606362,3.0960422,1.7575846,4.5550957,-2.365775,5.4360013,2.7719076,3.7227254,143.5546875,0.19127106666564941,2825.5302060644444,Angry
-220.95444,41.13651,-13.99925,33.61879,12.183349,13.665729,5.9543242,7.631934,5.290375,10.4727125,4.765573,6.5006533,6.4908986,5.4590783,2.5724356,-1.635883,-1.5488938,3.0862727,4.928209,3.715603,117.45383522727273,0.08916086703538895,2960.013105340155,Angry
-96.6639,30.600752,2.530355,12.69253,-10.973727,-2.1038084,-3.6324103,-7.5899444,-5.3217125,-0.6840313,-4.1489954,-3.1092331,-4.8592544,-3.0990715,-4.161172,-2.563374,-3.4825432,-0.3457978,-2.8692477,2.3299165,143.5546875,0.15945258736610413,3770.0765106624654,Angry
-62.8069,72.1019,-16.114138,27.418505,5.5609536,1.8214277,3.9023924,8.4637785,-2.0074487,5.825009,0.15586376,-0.30150035,-0.6675375,-1.4832999,-0.06580478,3.2086802,0.6697353,1.1243902,-0.93676597,-3.0775099,184.5703125,0.2692117989063263,2202.2948946843676,Angry
-121.61006,76.91941,29.013481,9.935919,3.1737647,5.1753216,4.968313,-1.0265123,1.1707609,2.1393538,3.117648,1.1366776,-0.7820611,-4.9822216,-0.12525722,-4.505376,-2.1900978,-1.3730919,-3.1559749,-7.364276,184.5703125,0.1829698085784912,2706.6714628489012,Angry
-185.25148,96.74281,44.600403,13.892824,6.01466,-2.9065557,3.2618506,-9.664786,-3.648592,5.2512074,-0.9549689,7.687712,6.0880246,-0.112322025,0.5732218,0.509272,-5.8695807,-5.4587727,-3.0603395,-4.78197,80.74951171875,0.13060717284679413,2431.6745536158296,Angry
-76.582634,68.337524,-0.98780495,30.346247,3.6340487,5.2012167,3.2781923,2.9408548,5.5551662,4.673672,4.329291,3.4459429,2.8557055,1.4406077,-2.3228574,-2.6037674,-5.0569625,-3.9807496,-5.5648823,-0.00071191933,92.28515625,0.18603956699371338,2708.8083141428915,Angry
-74.35974,48.817753,4.047643,35.84637,12.4972315,13.47496,9.024468,12.567509,2.486558,12.132177,9.134346,3.9287133,4.571033,1.3762095,3.193234,4.332538,-4.2572207,2.8328748,2.6930997,2.7469275,92.28515625,0.2480836808681488,2908.796471318714,Angry
-155.63774,113.65833,-4.024228,18.278229,13.483908,8.251857,8.810651,11.110943,8.910264,10.224347,6.1002116,9.738549,9.320227,2.259448,2.8474398,7.5475535,-2.662322,0.9173482,0.44310457,0.76981586,89.10290948275862,0.13564474880695343,1834.8226201664872,Angry
-267.52255,77.792114,-18.189766,18.888138,1.9943968,-7.5887733,4.7138777,-7.698333,-10.356959,10.975267,-2.8659422,-5.757438,2.3471527,-7.099608,0.40505165,-1.8043368,-8.364888,-3.0725448,-4.399869,-1.651445,117.45383522727273,0.03803963214159012,2548.7636099360616,Angry
-121.61006,76.91941,29.013481,9.935919,3.1737647,5.1753216,4.968313,-1.0265123,1.1707609,2.1393538,3.117648,1.1366776,-0.7820611,-4.9822216,-0.12525722,-4.505376,-2.1900978,-1.3730919,-3.1559749,-7.364276,184.5703125,0.1829698085784912,2706.6714628489012,Angry
-75.66786,91.0224,9.864941,25.09408,11.801716,10.166983,0.12458093,8.227129,1.6348945,0.4970398,1.8070881,5.4929857,1.2929039,1.1345568,-1.1895083,0.37554067,-1.2076176,-2.0606055,-1.2071043,-2.6347067,95.703125,0.2280168980360031,2306.786333638483,Angry
-76.64228,52.776497,34.640076,26.187645,16.660328,11.346408,5.853892,6.9042377,3.664476,-0.960427,3.875897,4.487944,0.63659954,5.4337535,4.1940684,0.8124227,1.6306314,0.69435346,-2.8060627,-3.4109476,95.703125,0.24710078537464142,3236.2092131808367,Angry
-87.680786,79.37558,25.071245,45.16531,11.199144,18.170176,3.5208578,6.9955754,1.2674153,2.3607879,-1.7764663,-0.012601835,-2.7059743,-0.4882839,-5.2594147,-3.8652692,-2.5075831,-4.682102,-4.984883,-4.4234257,95.703125,0.23021632432937622,2344.385703637443,Angry
-44.555233,41.6235,29.91263,51.863693,12.87563,13.724889,7.962605,9.290233,8.388368,1.899423,1.1413116,4.564992,5.5246224,1.3144536,2.3494499,-0.7992001,-4.252003,-3.5728974,-3.835539,-4.442142,129.19921875,0.28883296251296997,3084.4973664314452,Angry
-114.06302,110.11895,17.930183,37.930096,27.968828,1.4038033,15.55362,1.4255453,7.3542895,-3.3255098,8.241861,-0.18475701,0.68286717,3.3338144,-2.4720285,0.75097793,-4.8478117,-2.3932738,-3.29144,-4.609848,99.38401442307692,0.27364036440849304,1683.7287656142807,Angry
-78.71352,73.09978,21.83404,49.21601,3.1142888,18.307453,1.8565904,8.398898,1.4257845,4.2191653,-1.3232716,1.2506558,-3.0139782,1.7983278,-1.8407835,-0.99266994,-1.9069359,-2.634608,-4.791962,-4.8620996,103.359375,0.24401791393756866,2500.521404911738,Angry
-146.51694,81.558525,31.962297,22.430374,5.098355,13.628087,6.495129,8.408916,4.4383163,5.010662,1.8354234,2.8645813,4.5268016,3.8527682,1.3351526,1.2303361,0.5773533,-0.170941,-0.659073,-0.088919446,103.359375,0.1099666878581047,2595.782821610755,Angry
-144.97781,66.671524,44.280056,22.528505,6.5213594,8.85033,11.895541,5.837181,3.0436742,6.451863,3.56229,2.5228522,3.8309376,3.7200966,6.821516,5.0689015,0.47715914,1.0826526,1.956073,-0.075646035,107.666015625,0.10891584306955338,3079.1103340087907,Angry
-104.715996,64.0346,28.791668,10.54608,15.168903,13.066784,8.023293,5.2342043,6.73682,5.12485,4.4460244,4.464318,3.354734,2.422061,0.18586998,-1.5202584,-2.567993,-1.1960529,-2.1893506,-1.8801897,112.34714673913044,0.12415162473917007,3258.7937668169607,Angry
-161.4768,104.041115,-10.936409,43.69308,13.973775,14.462216,7.5062613,9.4815645,6.4391665,6.9952273,1.3608632,4.438623,-2.926756,-3.2144325,0.04458488,4.159957,-6.4395256,-4.9638324,-4.2142115,-2.2782378,107.666015625,0.13375939428806305,1735.5854903743884,Angry
-101.081245,72.40871,-2.374791,46.051167,5.5450935,24.215149,3.540355,14.531002,5.654686,13.53511,4.972193,9.905891,2.9368954,-2.9988053,-1.2425075,2.3058746,-2.8192255,1.7559552,0.8558955,-4.3526983,99.38401442307692,0.16661067306995392,2355.621296823601,Angry
-113.628265,87.07087,-0.6380835,52.25518,19.377625,19.676193,15.387045,13.71075,6.951093,9.07707,7.965796,4.4127054,-0.15473127,-0.43290395,0.22154196,-0.8372173,-2.1796699,-1.9916912,-4.4428053,-4.3010197,89.10290948275862,0.2247585654258728,1811.0907893923022,Angry
-109.83064,63.104633,-13.840905,43.019493,6.142044,23.18746,8.019648,10.65603,0.98032266,5.321308,-1.832165,-1.4251206,-1.8639747,-3.1835,-4.740081,-3.8052502,-5.5368443,-3.185932,-3.2629235,-3.928107,172.265625,0.13039982318878174,2676.5339159173477,Angry
-133.22668,93.950745,-2.2413454,50.195454,12.518455,15.036698,11.511907,10.2486,7.9517236,10.803761,1.9746124,5.198634,1.066262,2.1747072,-1.5162952,-0.44872028,-2.4607766,-3.868259,-1.7064383,-2.774622,92.28515625,0.15126341581344604,1949.3068336318568,Angry
-153.50096,92.7777,-15.882087,57.952423,8.575668,18.462399,13.276261,11.162719,7.6137323,12.974225,5.661205,7.017445,2.8843372,1.6163462,0.012030917,3.0243316,-0.23418827,-1.38703,-2.3182175,-1.3271762,184.5703125,0.18021106719970703,1717.834483382323,Angry
-127.29857,95.78884,-12.756139,37.96444,20.579319,23.185547,8.276987,9.615845,8.68504,5.52123,6.6797304,4.0264277,1.7274877,0.7245981,-0.4229881,2.2443924,-1.6068017,-1.2154621,-2.2126098,-0.7387682,184.5703125,0.15561001002788544,1811.4872110056333,Angry
-144.1154,73.38274,4.689501,24.034184,12.896577,14.024166,8.642744,6.9087343,-1.2130749,-0.84052306,1.1626185,2.5793064,-1.1129531,3.141817,-4.232443,-0.45609266,1.6542614,1.2135501,-0.4755747,-2.0354862,92.28515625,0.1909227818250656,2449.072471257414,Angry
-98.840996,71.10853,-10.045742,31.72339,5.1446595,1.8752184,-8.893279,-4.26445,-5.962237,-4.269474,-0.65870386,-1.8606147,-0.5169802,2.5744352,-1.0586432,2.2042825,-3.9438968,1.2048683,0.28331432,0.069572374,92.28515625,0.18616363406181335,2671.0740466843918,Angry
-82.424774,69.95746,10.693318,48.804077,4.6395693,13.286027,-1.7903584,5.122208,-1.0849243,-2.7959132,-2.5498505,0.21808504,-3.1269517,2.3010356,-2.7060976,-0.7829091,1.7319455,-5.139214,-5.694948,-3.7939513,86.1328125,0.235963374376297,2429.9366980056257,Angry
-140.14876,77.06105,42.029648,31.239227,12.191809,10.215244,3.7374847,8.286639,-1.5532025,-1.7558186,3.6267605,4.589859,-2.5492668,1.8537718,-2.7621264,-3.6231425,-2.6331491,-1.5240895,-2.6590376,-5.086118,95.703125,0.2067456841468811,2447.981517210075,Angry
-111.84788,89.10123,13.179902,36.344612,-3.2759247,3.877823,0.5638424,6.3377275,-2.17961,2.979102,-1.636557,-0.36629117,-3.4718986,0.7764609,-0.23096861,-3.1901183,-3.7024403,-4.0010753,-3.0203526,-2.4579573,92.28515625,0.1898607462644577,2245.1543617872862,Angry
-74.77094,58.740543,9.939784,21.570108,15.071628,4.9377294,2.282748,5.468898,3.1200333,0.60394424,2.466406,4.21144,3.4745803,3.5953388,2.7740335,1.8845736,-1.7012314,-1.1449336,-1.3548872,-4.013696,95.703125,0.2179241180419922,3053.2752032918966,Angry
-66.06443,74.91577,20.634378,39.27426,8.157337,15.135332,-0.38283694,5.572952,1.4617356,-0.63366073,-1.5710732,1.4559902,-2.414519,-2.1937199,-4.3210588,-4.420351,-5.131101,-4.2903647,-6.337594,-5.0165033,95.703125,0.2287963479757309,2545.058137328884,Angry
-59.209255,36.20804,39.83428,49.976192,10.15085,16.890434,9.769879,4.446044,2.4115605,1.7071006,2.3673708,3.909562,3.2013638,2.6227624,3.218716,1.475742,-0.69441247,-3.1585226,-2.104499,-2.3737836,129.19921875,0.2717660367488861,3299.440188118393,Angry
-81.68595,82.33596,53.54203,25.494244,15.711485,19.212008,8.4409275,6.372037,0.20460078,0.1544559,1.1984615,1.5259027,-0.725247,1.3517001,-0.3828335,-3.129231,-0.4921671,-0.73947495,-3.7766733,-2.505176,95.703125,0.2787714898586273,2501.25903379901,Angry
-78.69876,51.460278,42.21705,30.076286,20.110865,6.993341,8.018717,6.883307,-4.6201587,3.6496065,3.6401918,4.324948,2.607875,0.76624197,-9.1659775,-2.1590145,-2.6716974,-5.5222917,-1.3241626,-2.4780135,95.703125,0.2470289021730423,3186.910019337875,Angry
-118.020584,102.3068,20.772593,37.010674,24.395523,7.802754,15.927474,-1.5940946,6.763179,-0.78020054,8.579758,1.473606,-4.2227297,3.0189223,1.010989,-0.9802994,-5.466814,-1.3039749,-4.241458,-5.0074196,99.38401442307692,0.25294384360313416,1818.8189646845494,Angry
-78.25045,70.18874,45.908947,42.07599,15.097313,10.689846,-0.69202536,-0.6105204,0.37156424,-0.35092285,1.102735,-0.6717469,-0.81453276,-0.8111803,-4.241297,-6.08405,-2.9617288,-3.7095819,-4.606727,-4.9819074,92.28515625,0.30033332109451294,2566.5587161240874,Angry
-68.78752,62.373886,24.279097,53.785713,-1.9191564,12.823493,-4.35876,12.354515,-0.22019346,9.053527,-0.97755194,3.94197,1.9162539,2.2540576,-2.5221894,-3.5294874,-2.924685,-3.6497655,-3.4206944,-3.7197106,99.38401442307692,0.2083497941493988,2775.2916756205336,Angry
-94.57142,51.723648,17.519943,28.904242,2.063757,3.7271113,-1.8516201,4.36836,8.781322,2.1316025,-1.3799784,4.6916013,4.077907,0.014573017,0.21375872,-0.43703666,-4.119476,-1.1030105,-0.12764865,-2.763157,92.28515625,0.19167505204677582,3139.605595979825,Angry
-111.22915,89.94116,4.453146,14.530579,9.934056,-9.441968,2.9049582,-0.13894072,-3.0650675,3.2723684,-1.4969656,1.5704437,2.3964047,-1.1631627,0.87109846,0.6744046,-5.169126,2.7299318,2.3492882,-0.25580817,95.703125,0.2372182309627533,2328.3253525938053,Angry
-25.853546,70.946365,9.54849,17.47975,-1.6311874,-0.54743606,0.26069012,-4.6436267,-0.58592564,-3.0860727,-2.406542,0.3865389,-2.158143,-0.34495544,-2.3784094,1.9354966,1.3124205,-1.2795856,-2.0184257,-0.19688794,117.45383522727273,0.23842552304267883,2986.424482322364,Angry
-111.22915,89.94116,4.453146,14.530579,9.934056,-9.441968,2.9049582,-0.13894072,-3.0650675,3.2723684,-1.4969656,1.5704437,2.3964047,-1.1631627,0.87109846,0.6744046,-5.169126,2.7299318,2.3492882,-0.25580817,95.703125,0.2372182309627533,2328.3253525938053,Angry
-79.74996,62.27512,-5.1084466,18.229969,12.862356,-14.114573,4.9116673,1.6750953,-5.7800555,0.81444365,-3.8078806,2.0120642,3.4144382,-2.8724232,1.2645156,1.752267,-2.2722964,-1.0350907,-4.6091976,-2.822466,103.359375,0.15468616783618927,3213.1475995725405,Angry
-64.00121,50.804565,6.6021595,27.830774,6.6337037,0.29855338,2.8219566,3.2134213,0.16524182,0.61031955,0.09556543,-5.067103,2.66281,-1.637957,3.1019537,5.1521454,-0.835596,4.8471527,0.2454017,-4.849838,95.703125,0.14134684205055237,3377.342805929625,Angry
-216.06976,122.55899,0.93731654,39.356617,9.2882185,26.045794,-4.027806,18.256382,-6.51141,13.911774,-3.072288,8.876831,-4.358553,4.691729,-0.10699992,0.9101864,-1.9222299,-1.7801149,1.1610221,-4.025159,103.359375,0.08638297021389008,1469.3760072038706,Angry
-122.780525,95.06129,-29.36325,46.780045,-15.998561,27.117586,-13.113779,20.258003,-5.389465,15.459252,-6.909567,15.645838,-6.707096,8.281756,-0.7531098,9.420004,1.2628136,1.6747185,0.48605147,1.6133198,107.666015625,0.1022820696234703,2290.107317796501,Angry
-122.01623,89.59382,-25.749514,40.978493,-4.280537,27.57391,-15.565974,22.4104,-10.840677,19.818462,-8.638995,19.100218,-8.472635,9.432505,-3.4016783,0.98333335,-5.6490164,2.0140295,-4.319846,1.8859324,103.359375,0.1106356829404831,2368.0288949553296,Angry
-214.31303,100.31755,-33.45657,47.25948,-8.953328,12.991591,-17.322504,11.068474,-11.724059,8.812742,-7.8322988,6.2648187,-0.10495941,4.896774,1.1980613,3.7862833,1.4717627,3.4848027,0.6526584,4.15107,112.34714673913044,0.06588638573884964,2044.4018831699113,Angry
-114.30269,80.86408,-18.181608,50.662544,-14.933624,29.2647,-20.050333,18.588346,-17.686916,16.67295,-11.416136,16.297127,-4.473333,10.56288,-4.071208,9.144475,-2.8473768,0.637928,-1.9969021,0.5702691,112.34714673913044,0.1062111034989357,2607.901477732147,Angry
-198.97505,92.61563,-19.53599,39.540478,-0.6448094,33.591434,-6.4655647,27.51714,-2.4129982,14.994363,-2.9805148,14.907302,-3.3871675,9.281903,0.8351726,8.28487,-0.5857251,-1.6136752,1.2587285,3.0526361,99.38401442307692,0.0790502205491066,2083.393807295725,Angry
-168.3471,70.93956,-3.0408056,54.825478,-12.10462,30.515268,-1.521291,28.844463,-8.925714,18.759966,-6.6007915,14.6028805,-3.5750637,14.192752,-3.9637115,6.930111,-4.171835,5.8686385,-1.5135263,1.2838981,135.99917763157896,0.10804735869169235,2472.488643988058,Angry
-89.86678,79.76334,-25.737305,47.726387,-10.019151,31.556944,-22.19752,26.661226,-10.976784,18.823183,-15.565013,14.414716,-10.038895,8.900903,-8.932949,7.2392864,-5.013773,3.1289532,-4.7381425,-1.5847808,117.45383522727273,0.11859050393104553,2694.9757203214963,Angry
-103.13827,74.090225,-22.43464,51.60479,-7.0798135,32.670975,-14.993524,19.642502,-7.0712337,22.27215,-7.3240576,17.61178,-0.04568531,14.720984,-4.2429547,10.659666,-6.3376107,1.0340246,-1.8354768,5.550285,123.046875,0.12070812284946442,2670.154564498446,Angry
-109.50919,97.389565,-20.619621,37.366673,-3.1259978,28.611204,-14.169424,23.862112,-8.736171,19.892464,-11.298631,17.939692,-3.482387,8.219098,-8.952912,9.264581,-4.989858,1.8386624,-2.2514331,0.67537093,151.99908088235293,0.10910199582576752,2272.8344394005203,Angry
-105.56951,76.67491,-24.774305,55.19899,-8.257658,28.899265,-15.7475815,26.304575,-8.49144,20.454641,-8.151382,13.922347,-6.5663133,9.869241,-4.8636723,5.8765297,-1.9471784,3.9654107,-3.6028059,-2.288011,103.359375,0.11357302963733673,2628.9767336632103,Angry
-144.99234,84.061775,10.848204,43.601334,6.2819,36.12911,-14.662279,26.805468,-10.336029,24.696184,-8.72415,18.79265,-4.396879,9.877954,-8.135771,8.817563,-7.885718,2.8736496,-4.346152,-1.117504,112.34714673913044,0.1225644126534462,2330.8396284977375,Angry
-191.63844,41.317802,4.992499,65.465614,-4.3202295,42.641537,-12.25316,23.817207,-4.27326,16.03992,-5.085685,16.431042,-9.372979,6.6640677,-2.7305558,-0.44324708,-7.421273,4.5704145,-6.97458,2.468442,117.45383522727273,0.0672345831990242,3185.1421645019136,Angry
-169.93532,98.05762,-11.311489,38.265522,5.069619,25.395584,-11.830673,25.108503,-5.558388,19.205223,-2.9109886,18.213062,6.1053805,13.954817,-0.30130023,12.484424,0.40843403,1.6486974,1.5285935,2.8091319,151.99908088235293,0.11071186512708664,1929.5861395660595,Angry
-92.59165,77.41268,-32.75637,54.59612,-13.199196,33.65628,-12.085772,28.015388,-11.966782,18.82935,-6.6704774,13.036639,-7.0213475,7.0742083,-4.5371237,6.4979115,-2.9733756,3.7062724,-5.411391,-4.21347,112.34714673913044,0.10348284989595413,2735.79580212033,Angry
-128.15352,124.5842,-37.200493,43.892124,-12.789882,18.988998,-9.285406,19.78161,-6.8781185,13.47749,-5.979898,12.329025,-4.652768,5.8328543,-2.8728828,3.682468,-1.8806285,-0.13902049,-2.0508018,-3.2196095,107.666015625,0.1108260229229927,1752.0147471390123,Angry
-111.189964,80.63883,-0.87596005,50.6178,-13.474105,35.3258,-14.840684,21.193808,-13.577968,19.628597,-11.768656,16.968807,-9.362856,8.700684,-9.8925495,5.813981,-9.137595,0.87771124,-5.991048,-0.3092356,151.99908088235293,0.11850105226039886,2581.727525217468,Angry
-129.95169,72.02137,-23.253374,63.230637,-6.873469,34.400772,-12.189914,30.506071,-7.582158,20.604498,-6.197449,14.683234,-2.939595,9.047846,-4.740089,5.3837643,-2.414432,1.6269447,-5.98083,-0.82341677,107.666015625,0.11897746473550797,2538.2434921295203,Angry
-138.74834,100.20922,-31.457195,32.444756,-2.7770367,13.111023,-14.509458,13.948756,-15.169027,8.204797,-4.920586,3.5231583,-7.9803023,0.7993211,-2.9753177,-0.7297646,-7.7199607,-1.2179403,-6.522993,-5.395183,107.666015625,0.1537395864725113,1963.1932861624273,Angry
-251.99103,137.88876,-11.156676,8.355846,0.7175982,1.588884,-3.736992,-4.1388264,-5.5104256,-2.6428099,-3.535575,-3.1450665,-1.8456104,-0.99968755,-2.588094,-1.9635668,-1.5052292,0.21605925,-1.9949428,-3.3498683,123.046875,0.04676249250769615,1504.4850155324564,Calm
-345.7682,146.9814,-0.49109605,22.638971,5.8185916,10.342899,-0.1702682,-1.7211475,-6.119701,-0.5134584,1.0318327,1.2220972,-1.9446281,-5.553698,-4.4034724,-2.5995615,-5.1962686,-5.426081,-3.129261,-0.79394495,135.99917763157896,0.022791113704442978,1266.346201396591,Calm
-257.01797,175.31583,-44.815468,25.663235,-4.2567406,-0.22128816,-11.323123,-9.186279,-4.099932,-8.300055,-22.553421,-7.608669,-7.6533217,-11.745615,-8.175761,-7.5016975,-12.297941,-6.7714224,-3.4978843,-8.646908,151.99908088235293,0.08082735538482666,1064.8215157992543,Calm
-297.2327,193.09448,10.135854,-1.6042597,3.403755,9.997605,-7.269057,4.6904345,-5.398844,-2.8661933,-10.235335,0.3849236,-4.966055,3.242382,-4.478282,-1.8856789,-2.274639,3.8804512,0.3452829,-2.2132213,92.28515625,0.05947569012641907,813.4386379736914,Calm
-270.312,137.55493,5.6220317,42.5081,-7.959412,9.935899,-6.8239927,8.244322,-6.188955,5.469562,-5.445732,-5.178623,-6.994632,-3.2311842,-2.0175722,4.4062123,1.9930397,4.9886174,6.586949,-2.4186287,64.599609375,0.10872480273246765,1039.7104745190281,Calm
-246.32089,120.20309,-0.93416554,30.689386,0.19115342,23.146517,0.4293844,9.172055,-0.5738325,5.7225223,-3.756935,4.231671,-0.27937436,7.4462867,0.7113848,7.070837,0.8656316,0.9513314,1.7338499,-1.3477298,107.666015625,0.1074972003698349,1267.9899185341335,Calm
-234.3426,142.7224,-14.277185,51.92306,-8.200179,12.773935,-4.295218,12.082512,-13.723852,-1.5506785,-3.9817662,4.937514,-3.9372153,2.1901507,-6.6842165,-9.763288,-4.4732585,-5.533499,-1.1700695,-1.1021105,135.99917763157896,0.09855766594409943,1220.0295209430099,Calm
-291.9665,137.64107,2.670107,35.637436,-12.310618,15.607241,-6.7985826,-2.8389623,-3.790433,-3.4771762,-1.725541,10.397662,8.31119,5.228631,0.33438346,0.3818246,-1.4845998,-0.76417196,-6.3113217,-5.534649,61.5234375,0.09373166412115097,1170.156796160003,Calm
-189.91695,134.41617,-25.677439,45.7453,8.189717,21.450272,-4.58438,14.390941,-12.660092,10.280643,-7.9415693,-1.1395625,-5.047989,2.4128122,-5.010759,-2.1543717,-4.2402406,1.8404961,-0.44336608,-4.7699075,107.666015625,0.11859104782342911,1304.6853072764807,Calm
-296.6781,172.37865,16.867044,18.952925,1.3671669,14.381316,0.998654,9.520248,-7.4175553,3.5217025,-7.659343,-0.10418455,-7.962856,-3.1971016,-8.079399,-4.0539804,-0.84452397,-3.8689592,-2.8218148,-6.9223995,107.666015625,0.08535763621330261,749.3568923103393,Calm
-318.80017,162.65161,-16.452932,39.116074,31.457945,15.257577,-0.6891271,5.7950263,-8.640236,-4.003876,1.3734984,0.092581026,-3.086943,-1.5318716,-1.5808209,-4.881458,-4.259913,-1.2951262,-0.75336635,-4.4288716,112.34714673913044,0.06413749605417252,829.297629003448,Calm
-192.5174,113.18369,-6.3730583,39.593094,-9.189579,17.204056,-19.1146,12.203582,-15.475888,9.702117,-10.9617405,12.922776,-7.292179,8.494464,-4.1659617,0.975543,-7.1334233,1.1970458,-1.1769778,-1.293806,99.38401442307692,0.07116985321044922,1825.9751750083572,Calm
-253.22859,122.683266,-5.6540437,40.592518,-5.8463955,18.42774,-16.653337,14.598945,-15.162859,8.216918,-13.890627,8.28256,-7.312089,5.423102,-6.3090177,2.789326,-4.23507,0.5374837,-1.4851407,-2.5387597,112.34714673913044,0.03751090168952942,1651.0000253804194,Calm
-217.64452,112.63787,12.686546,39.541504,-9.824912,17.383015,-12.365174,20.71796,-18.302826,16.35581,-10.025548,9.036939,-6.8994865,7.310711,-4.7856507,8.571133,-2.7742178,1.2789534,-0.36045957,0.34737915,99.38401442307692,0.05548190325498581,1790.006149597724,Calm
-358.30573,137.95895,-11.000713,20.85169,1.9473583,-3.4139953,-11.5203085,-3.2774692,-11.020816,-8.386407,-7.478809,-1.0018493,-6.738015,2.3913643,-2.6258183,-0.2781389,-1.4365344,-1.6825632,0.9089209,4.4359126,129.19921875,0.03929365798830986,1171.7778494695315,Calm
-200.01402,117.22407,-12.376732,39.106846,-6.360409,16.528856,-17.306795,13.629066,-17.661602,14.0300255,-10.206364,12.1770115,-6.719636,7.73678,-8.080098,2.6364028,-6.6478405,4.868258,0.7024585,0.46183485,117.45383522727273,0.062368374317884445,1782.4772448641631,Calm
-259.8296,123.20836,-6.4112997,37.575974,-2.9846902,13.062033,-14.09377,5.306913,-11.979528,3.5143046,-9.6395445,5.340486,-7.8407803,3.2650988,-0.5539105,2.8862455,-0.02954092,2.1029866,1.1109306,2.9338825,73.828125,0.06058981642127037,1465.516121696498,Calm
-233.09598,105.91778,-2.6766143,37.433628,-8.178377,15.727415,-15.066482,8.377423,-16.380407,8.630883,-9.384077,7.0930862,-5.9991117,1.992087,-5.7264166,-0.9412963,-6.9125576,-3.7720146,-1.6410496,-2.4500198,215.33203125,0.049848224967718124,1934.517120777341,Calm
-192.12538,105.58749,-26.031012,40.159424,-6.654979,26.496704,-10.388105,18.469723,-13.995583,14.937352,-12.68688,9.585426,-5.1951475,7.8301735,-3.8694513,12.3498745,-1.1174871,-0.7776855,-2.9812977,0.35809562,103.359375,0.052224621176719666,1992.9408896772322,Calm
-267.28662,129.05225,-14.73706,41.26877,-1.0149711,22.953379,-8.132359,11.179749,-9.073575,11.318423,-5.499914,13.579102,-1.1755173,1.8777983,-2.711161,3.2768626,-1.5962927,0.26421043,-0.6178978,4.506901,184.5703125,0.05020084232091904,1352.9901253634762,Calm
-376.69403,119.16358,-2.9616616,48.508877,13.156193,21.244488,0.012301135,8.008127,-0.41269517,2.3665779,-0.03935629,0.896952,1.6664363,-0.13889231,1.3513168,-0.17528985,1.9937044,2.7235878,1.7619064,0.44885132,107.666015625,0.02712356299161911,1171.3008454419294,Calm
-174.70403,75.89945,-12.7928505,52.606617,-29.416115,22.748615,-22.366758,18.633335,-24.704725,21.168024,-13.802683,13.009406,-7.8598876,8.022094,-5.9713917,9.527811,-6.0026174,2.3379805,-3.3587654,2.5073993,123.046875,0.04796375706791878,2915.1352677290415,Calm
-298.80795,112.078224,6.48577,28.386517,-6.7646794,16.651894,-11.809684,12.746783,-8.347038,13.898631,-4.235764,2.3195715,-4.3267937,1.4079038,0.7140652,13.479482,9.4194145,6.914652,7.877784,-1.7827401,129.19921875,0.05049276724457741,1451.4983709587166,Calm
-188.10991,98.633316,-11.278644,47.21775,-20.33315,18.785868,-15.794505,13.689795,-15.45581,17.430904,1.0143802,18.283552,4.647218,9.836632,-5.4971385,2.1267316,-6.2551427,-3.4161563,-2.9926603,2.2102191,86.1328125,0.08783356100320816,1987.9269514759108,Calm
-202.60838,105.84573,-20.537838,43.89796,-14.2723465,25.29954,-15.592006,15.311661,-13.294727,12.276098,-8.764146,10.158417,-1.868105,6.1886616,0.21987686,8.036412,-3.1621914,-0.4541886,-3.5693424,0.722039,103.359375,0.05885065719485283,2034.579158061201,Calm
-237.66241,108.30336,2.039982,41.773727,-10.451949,16.930843,-8.600079,12.78567,-9.114532,15.938528,-6.518535,7.1738243,-8.2532625,-0.20715983,-8.692223,-2.2442803,-4.727633,-3.5138726,1.4635623,2.4141126,103.359375,0.06936076283454895,1698.069097537734,Calm
-414.14978,104.84414,-7.8215127,37.875397,0.21377875,23.427855,-7.2741003,5.7665963,-1.0599748,8.498607,-5.490029,0.894059,-1.4638131,7.720704,1.2548677,6.03524,5.2437243,2.4281998,7.604022,9.802248,151.99908088235293,0.03192383050918579,1367.4115371823048,Calm
-262.1244,108.98235,-6.3325505,55.18974,-10.662286,18.535446,-4.2509165,18.561224,-19.706917,17.57483,-10.982369,11.932401,-3.4279113,7.197286,-8.854767,4.9730906,-4.053073,-0.11804511,-0.819828,-0.6021668,143.5546875,0.040597181767225266,1769.401598572535,Calm
-233.75851,108.46989,-10.714609,38.69959,-10.764275,14.162392,-16.258524,10.3716345,-20.816319,10.070498,-12.024098,7.7657723,-12.021537,3.3820167,-6.3585634,3.9780886,-1.2818811,-3.8250744,-6.228565,-4.948927,99.38401442307692,0.04876968637108803,1853.5659404817295,Calm
-232.99846,93.82679,-16.198397,49.57395,-13.947246,13.494128,-11.8284,13.29052,-25.828712,17.37681,-13.317585,9.2779255,-5.4937844,1.9250959,-14.404328,2.5919952,-11.481819,-1.2296811,-5.2042394,-3.8765182,112.34714673913044,0.036303553730249405,2235.3440263233524,Calm
-318.9286,115.70397,-23.042326,52.599457,-12.819439,14.633502,-8.213702,0.30774957,-23.876354,10.8421955,-9.591384,7.4833236,-4.2422366,2.9921114,-4.399104,-1.0453871,-5.395035,-5.510678,-6.970526,-1.7180663,215.33203125,0.029602115973830223,1687.2984527938816,Calm
-237.4993,115.94339,-15.457233,47.112404,-13.510732,18.199331,-13.971238,15.334493,-17.535894,13.420797,-6.230585,8.634658,-7.2484007,4.782135,-4.3985643,4.5109816,-4.2662787,2.3292112,-9.923247,-4.325604,112.34714673913044,0.04358796402812004,1752.8065045704263,Calm
-305.4945,121.9265,2.5947757,36.92105,-8.559167,17.905397,-9.27087,10.555924,-9.937912,2.3099349,-12.6850815,0.30534202,-8.61895,2.5933344,-6.9699116,-2.9224603,-4.6507382,-3.2466338,-4.4511476,-3.9681137,129.19921875,0.040503159165382385,1522.348449286544,Calm
-261.7981,139.52618,-17.128895,49.894917,-5.868644,19.853361,1.8584793,5.7186427,-7.8311825,-0.41735038,-1.2528473,-2.1903841,4.465002,-0.31179246,0.11012419,-0.2791801,1.983753,-2.6391046,-1.1543753,-5.369062,95.703125,0.06975041329860687,1169.6513052388445,Calm
-146.41248,118.20678,-34.67274,58.787296,-14.969062,34.30445,-6.6033545,13.900938,-14.645583,9.200514,-11.337798,1.097487,-5.5033083,-0.14809217,-2.189994,-2.7196238,1.1250763,-5.595059,-2.7608356,-7.1366487,95.703125,0.1299886554479599,1759.5124735322347,Calm
-261.8773,182.53572,-16.907093,49.871548,-1.2144475,6.345548,6.002386,-8.87311,-10.31628,-3.2050645,-5.3718143,-3.5495334,-2.8916366,-7.471893,-0.5367146,1.1297972,-1.982169,-5.232583,-1.8658417,-3.5023198,71.77734375,0.09149952977895737,844.139158472617,Calm
-196.84306,152.79964,-36.91005,41.80352,-8.70902,4.415908,-11.570121,1.4324355,-14.735855,0.46832043,-10.17039,-6.9220095,-6.2524304,-3.7121272,-4.5659947,-6.4165106,-2.9002304,-4.85339,-5.8741407,-9.119883,123.046875,0.0805579125881195,1482.2909039482727,Calm
-198.46254,140.68542,-18.416391,30.510452,-6.7052684,15.720158,-0.73312247,7.2968297,-6.585082,6.07465,-5.1329575,3.4482963,-2.8441162,7.178579,-0.3125017,-2.0180283,3.1283484,0.86733526,1.515948,-0.23433036,95.703125,0.10660113394260406,1276.6962578384557,Calm
-179.59479,124.327644,-29.741776,45.383682,-10.188967,17.780802,-8.817682,12.764228,-10.756725,8.615611,-12.390897,3.3914454,-12.018151,6.511953,-9.865381,-2.809282,-5.114865,-1.1965955,-1.8772842,-5.6373334,151.99908088235293,0.09778041392564774,1554.3796467342697,Calm
-237.23965,146.82582,-24.444063,64.27367,-10.833981,3.2591314,-1.3375037,2.7255344,5.1689434,0.397741,9.61138,2.5067873,3.1193674,7.759572,-1.5198306,1.7340518,0.76727444,-2.4550922,4.009995,-2.002492,99.38401442307692,0.08226295560598373,1311.6069322444187,Calm
-179.7903,147.7629,-20.479698,58.623974,-23.80918,2.4678257,-3.195293,-9.301368,-5.7592354,-0.42645627,-8.36673,3.102465,-6.851183,-4.383366,-1.1809789,-4.269698,-0.5557314,-3.5810242,1.5018762,-0.6082082,99.38401442307692,0.1380399614572525,1317.1069234804231,Calm
-216.31119,134.98279,-35.480675,61.595497,-14.545805,11.04617,1.2093089,10.962497,-8.294633,-1.4437149,0.1224874,8.281558,-4.5786414,0.567787,-6.1023593,0.20412986,-0.59292084,-5.0357046,-1.2523046,-7.2209473,95.703125,0.07821866869926453,1617.8954526280595,Calm
-206.78493,141.83739,-13.811613,49.346706,-24.811642,11.820209,-12.791096,-16.55724,-8.389538,-1.2063178,-7.6506824,-1.3711842,-9.346775,-7.500101,-2.865562,-6.141148,-0.94135714,-1.3060673,-2.2506697,-3.284735,73.828125,0.09952182322740555,1344.4488685825497,Calm
-173.28468,111.695885,-35.922306,45.8553,-11.438427,19.691587,-8.049166,17.94719,-8.94971,14.695819,-10.342502,4.670976,-11.798713,3.2452495,-7.9869556,0.08744987,-3.5760612,-0.43947506,-2.1039736,-4.8935866,151.99908088235293,0.11171223968267441,1760.2398025931382,Calm
-246.97653,167.98892,-19.801535,22.009905,-0.73479855,15.093262,-1.2836858,4.7284274,-2.0619886,6.532096,-1.3844994,5.6376348,-0.28600582,5.652524,3.1969109,1.862163,7.0115137,5.044913,2.4658363,-0.89810926,103.359375,0.08642742037773132,1004.9502771230314,Calm
-231.32324,174.37616,-19.74984,47.375023,-1.976767,6.666589,-1.1248577,-5.4998245,-13.732546,-3.6929958,-6.315067,-1.5051619,-2.633711,-7.269516,-2.3065696,1.0365752,-1.1124694,-8.569706,-4.047513,-3.9144945,73.828125,0.10031687468290329,937.3979933729273,Calm
-204.23213,147.5966,-25.218628,49.354248,-15.650294,2.7000427,-7.8495536,-10.64235,-4.7988915,-3.6669726,-3.5059485,1.5687526,1.472206,-2.7254918,-0.27923688,-2.2208846,1.5168805,-1.0502743,-1.768846,-2.4751627,107.666015625,0.11051244288682938,1295.2562362132712,Calm
-201.8075,109.284294,-15.505195,44.283955,-11.047105,18.851799,-11.312692,18.409912,-18.911566,11.226408,-11.899514,6.9697394,-11.650191,7.0859737,-9.120557,9.888988,-5.6546845,-3.3240476,-5.4509797,-0.30501255,69.83741554054055,0.053880661725997925,1982.1284065663644,Calm
-204.8289,117.45068,-20.939705,42.00593,-10.364102,19.208967,-11.633759,7.984112,-20.264105,8.785672,-11.69737,5.1714864,-11.2389765,6.061274,-5.141876,7.8284683,-1.1918256,-1.0728695,-3.1602397,-1.5336096,129.19921875,0.058642491698265076,1748.0333593267528,Calm
-165.46796,87.24911,24.815533,28.417309,-2.7805505,-1.331789,-14.06644,-4.7474623,-19.206074,-0.59286374,-11.947256,-8.335517,-8.235879,-0.42448318,-6.424987,-1.53063,2.0240119,-0.4465538,-0.90405536,1.5472668,184.5703125,0.18441703915596008,2050.136011182281,Calm
-55.19004,77.47864,8.272335,31.560976,11.512486,11.753403,7.877706,13.5176115,-2.2645762,5.6161685,1.4572818,7.372972,-0.9271542,1.643443,-6.0775332,1.2362773,3.2791789,2.9196072,2.4114404,1.940294,151.99908088235293,0.19042451679706573,2482.069759803357,Calm
-260.89798,138.52455,-16.351122,49.150703,-5.258575,19.354553,2.2062228,5.555695,-7.877213,-0.19809215,-1.6170182,-1.7220757,3.943696,0.23985948,-0.4268878,0.23164405,1.5121375,-2.2414093,-1.4566264,-5.157089,95.703125,0.06975202262401581,1193.8785302218275,Calm
-91.2162,82.6024,12.171334,36.692253,-0.83736455,13.41514,5.6200523,9.662233,-3.7782636,1.8234929,1.545975,1.2873137,0.82279134,4.399219,0.55539393,3.8112535,-0.35386616,0.23312426,1.8074713,1.7372178,107.666015625,0.18859367072582245,2291.4059616944,Calm
-141.08891,110.76341,-27.475183,51.973927,-8.664053,28.615349,-1.6129185,9.6620865,-11.18389,6.517714,-9.409993,-0.12163673,-4.9299374,-0.15413295,-2.6613839,-1.8625249,-0.023488095,-4.2459736,-4.2238703,-5.637206,95.703125,0.13001179695129395,1804.7156340756278,Calm
-260.35196,180.60806,-15.362777,48.56042,-0.07432752,5.4342794,6.5999103,-9.153326,-10.28985,-2.988407,-5.823055,-2.9312968,-3.617783,-6.6764116,-1.3511275,1.9006733,-2.685754,-4.6111813,-2.3806977,-3.110714,71.77734375,0.09149874001741409,871.7686824803111,Calm
-38.042522,64.98809,14.297374,21.284706,7.5019083,6.3721075,1.933678,6.556061,-2.9327826,5.597701,2.5014198,3.0295463,0.6087425,1.9923112,-1.7813993,4.5158715,0.06030121,-2.0403485,-3.8632624,-2.0456014,123.046875,0.1982394903898239,2978.340196118377,Calm
-248.10942,125.98793,-12.599597,30.244165,-1.0903058,-2.2130058,1.9470432,0.25160494,2.6987665,-4.426094,-6.4816456,-6.51706,-3.9940166,2.3482583,0.36170608,-4.0673127,-1.5211644,-3.530002,-6.192057,-7.346031,95.703125,0.07812967151403427,1377.9769900941744,Calm
-190.51927,143.9857,-28.421675,33.79344,-1.2972338,-2.3015273,-5.643836,-3.640014,-10.529327,-2.8581395,-7.707229,-8.583432,-5.3038983,-4.025823,-4.786987,-5.7614465,-3.884484,-3.6434102,-7.224798,-7.6945863,123.046875,0.0805608406662941,1546.508468476633,Calm
-179.3741,114.49272,28.196646,35.979305,11.041098,12.684317,3.8171391,8.518316,-0.014726858,5.4623322,1.0599641,2.632229,-3.7399514,-0.2982773,-0.7330723,2.5585303,0.18569833,1.5453789,-1.2458051,1.3971,107.666015625,0.1826617419719696,1397.4044755755383,Calm
-190.39607,129.50662,-7.8375196,20.721296,2.1918201,7.7923746,6.1902175,1.3512999,-1.59206,2.0195136,-1.9929138,1.1642936,-1.3514087,6.4100657,-0.2019436,-1.5658294,2.241673,2.043111,0.1735425,1.174132,95.703125,0.10661542415618896,1428.0387423978177,Calm
-23.235779,82.91702,2.0489416,29.505756,6.599293,6.4949236,-0.6966998,6.1728396,-3.422003,5.594521,-0.3769912,3.266179,-0.20612174,0.31981882,-1.6405317,1.4783797,-5.332356,-0.037779037,-1.0947468,-0.042596113,172.265625,0.23234327137470245,2456.2698596396212,Calm
-168.12323,108.27153,-14.1499405,30.457626,3.894506,4.6765637,3.1879177,1.9276346,-1.1426724,0.23471797,-5.2468896,-2.5546734,-7.2195997,2.7779326,-7.115771,-4.6758766,-4.034606,-1.6126767,-2.0187652,-5.0494366,151.99908088235293,0.09780147671699524,1725.6345298073745,Calm
-51.34779,85.20031,3.6435587,22.86177,-1.5293607,6.1102853,2.4109144,3.644935,-1.863228,4.3669353,1.0871079,0.7797648,-0.7364633,0.41210714,-3.3764596,1.4221644,0.40555272,3.6520278,-1.3677119,1.219079,123.046875,0.16229046881198883,2475.6009489427947,Calm
-69.50922,125.97758,-5.173289,30.769238,8.304397,5.0812526,-3.9214041,5.376409,-10.774685,9.034488,-8.263985,4.7895856,-5.1241627,2.2106647,-4.779985,0.6230318,0.03162736,1.2315756,4.03092,5.0856667,99.38401442307692,0.21197514235973358,1575.4538722228804,Calm
-235.67885,144.76765,-22.600695,62.560963,-9.326273,2.0168684,-0.34364948,2.0165107,5.5604534,0.30436003,9.439982,2.8927062,2.562641,8.452764,-2.3104289,2.5675397,-0.07064012,-1.6368353,3.2509475,-1.3214442,99.38401442307692,0.08226341754198074,1338.2362329095945,Calm
-117.8876,122.55041,-13.149182,26.755905,4.313922,6.866731,-6.8144403,-0.33922073,-8.199784,-5.0079026,-4.495015,0.12167708,-4.6518903,2.8487961,-4.971283,5.5497994,-1.2209271,3.5765634,-0.34301436,0.49348435,129.19921875,0.17267225682735443,1579.0127661124945,Calm
-177.27713,144.32156,-17.265924,55.686043,-21.2419,0.3528042,-1.576951,-10.402746,-5.176472,-0.5141812,-8.736716,3.868864,-7.953766,-3.0112581,-2.744769,-2.610157,-2.2276328,-1.9513525,-0.024020452,0.76226693,99.38401442307692,0.1380442976951599,1354.091907708369,Calm
-204.39252,138.57968,-10.791186,46.552383,-22.306913,9.692935,-11.09484,-17.79885,-7.586271,-1.6000779,-7.6503277,-1.0194097,-9.977279,-6.662603,-3.8579152,-5.062098,-2.0349169,-0.2698917,-3.1960154,-2.4486814,73.828125,0.09952345490455627,1382.7307308073396,Calm
-159.2706,92.04842,-16.75185,27.393675,6.1041913,3.2399652,7.1759634,4.0307016,3.5977046,3.5440965,-0.5867413,-3.7236729,-4.721016,-2.5898597,-3.304094,-3.5473347,-0.8847745,-2.310454,-0.94630814,-5.453007,151.99908088235293,0.11175289005041122,2009.8139341354786,Calm
-237.90088,155.81622,-9.225844,13.1981125,6.609401,8.891292,3.9802096,0.24934208,1.7425677,3.3538349,1.1899073,3.6303484,1.1625512,4.7921743,3.4717696,2.0584624,6.528012,5.6560884,1.8122177,-0.2460931,103.359375,0.0864347517490387,1117.5098786077247,Calm
-228.39198,170.40263,-16.07386,43.96471,1.1009046,3.996799,1.0781353,-7.2046056,-12.514963,-4.4187326,-6.0696063,-1.3367635,-3.1518416,-6.473728,-3.3002408,2.1554031,-2.3049686,-7.364892,-5.195212,-2.8603556,151.99908088235293,0.10031753778457642,971.5475880069571,Calm
-202.82193,145.73984,-23.568312,47.849777,-14.344828,1.6427215,-7.0651684,-11.130012,-4.5997396,-3.6073794,-3.788098,2.0468261,0.84362924,-2.019152,-1.0314074,-1.4507908,0.78107613,-0.3952421,-2.3347764,-2.0125751,107.666015625,0.11051283031702042,1336.3698511878918,Calm
-84.05435,63.061363,5.6391883,24.924852,6.21167,-2.9040582,-0.3640594,-1.0757003,-4.2446465,-2.3303053,1.5680951,1.9355129,1.5438601,-4.464496,-5.3008647,-2.9940894,-2.8913956,-3.3203404,0.32845315,-3.9741752,112.34714673913044,0.13311214745044708,2968.60250464515,Calm
-149.19681,79.0861,2.0091488,27.607025,0.31506646,1.7276528,-3.6130915,-0.16500685,-5.0356708,1.2518123,1.1462151,-0.61879534,1.8201314,-2.057341,-5.9990635,-4.919182,-3.9601038,-3.5674088,-0.8571692,-2.1819913,83.35433467741936,0.11269501596689224,2414.857050479083,Calm
-78.2242,63.21851,-1.6562833,21.022593,4.470186,-3.5898204,-1.5619467,-3.0696392,-6.07829,-1.9560667,1.7820154,-1.2156534,0.94245726,-2.5629067,-7.7692623,-5.9337397,-3.0165126,-2.4619603,-1.0239958,-5.111242,103.359375,0.14682163298130035,2902.8282153333053,Calm
-154.29288,110.68495,-22.299717,21.146955,4.267235,4.749064,-4.0923243,-1.020666,-6.4128003,-9.245782,-3.6310499,-5.5030346,0.536892,-0.51163745,-4.807277,-11.2095585,-3.9384496,-1.4645188,-4.413699,-10.600424,117.45383522727273,0.11916613578796387,1733.583196998827,Calm
-77.089676,64.52771,-2.848515,28.53128,4.6849046,-2.814512,-5.947363,1.8981452,-5.2051053,-2.3232338,-2.9395368,-6.1481023,-0.76354444,-4.4824996,-4.159946,2.124515,0.8419234,-2.6640372,-3.3218763,-8.301835,184.5703125,0.14569664001464844,2777.976524524572,Calm
-141.49684,70.90452,-0.5232312,33.573048,1.4106365,-9.186746,0.7554331,0.5403756,-9.192057,-2.5710375,4.0803123,-2.218427,-0.6917473,-0.82226485,-6.4834576,-5.997157,-4.243969,-3.2427416,-4.072898,-6.5609474,80.74951171875,0.11916367709636688,2503.139918026569,Calm
-163.53947,65.97194,5.3612895,41.897198,7.0257664,5.5014386,8.930416,2.6784525,-0.18257855,5.155423,10.491717,3.329865,3.8408947,2.5506477,5.6973057,-1.0907345,-1.7849189,-5.19906,-5.654559,-9.76699,107.666015625,0.06984885782003403,2634.319273980018,Calm
-117.24632,56.99422,-2.1099277,35.616062,4.713422,3.890102,11.592064,6.078704,0.5825715,2.2747371,2.6996386,-1.8503127,1.6808271,0.3939451,2.0524464,-1.1958259,-1.066449,-6.2823744,-5.3911533,-4.8702927,135.99917763157896,0.07573380321264267,3029.035019092715,Calm
-228.37154,67.53677,37.07984,21.325258,17.058424,10.142423,10.776463,8.010919,2.0421867,0.2971386,2.4991305,3.8471441,1.5821794,2.832255,0.04377562,-0.19756244,2.3157341,3.2987049,4.046379,-0.1898743,117.45383522727273,0.04321588575839996,3027.140362803872,Calm
-158.2061,49.602417,21.594702,16.516554,11.422575,6.259136,5.633524,-0.1996343,-0.24266577,-1.9968203,2.0229387,2.6891398,-1.4565204,-1.8059658,-1.8253204,-3.3063495,-1.5225008,-1.1878136,-2.9898033,-1.8677343,99.38401442307692,0.047840312123298645,3906.2972143441307,Calm
-126.01213,56.60823,23.495506,23.700129,-0.3036549,7.1513724,0.16874303,-0.8434281,-4.156273,-1.8949323,2.5230918,0.5281127,0.92665267,0.042565692,2.9119654,0.120404646,1.313123,0.37778205,-6.1331954,-4.948555,107.666015625,0.07428820431232452,3393.857478271707,Calm
-178.09238,61.942627,1.4681733,36.045937,7.5810137,5.153892,-0.9176271,2.9412885,1.4490772,2.1342268,5.1702733,2.0257974,0.5106884,6.528254,2.6033716,4.854947,7.9310346,4.5274725,-1.6060568,3.731223,123.046875,0.05163733661174774,2874.7793906046186,Calm
-131.93135,61.59087,-12.654589,35.085182,-2.1272988,-0.94919276,-4.8379145,-4.1055217,-3.2856128,2.4962208,6.411373,3.4233503,-2.8839264,3.2295115,-1.3421866,0.86595935,3.6739,0.6368783,-0.36149594,6.3308907,80.74951171875,0.07136116921901703,2861.0669041187775,Calm
-156.61226,22.763254,10.495277,24.156204,10.143046,2.969647,2.4915147,0.48371983,2.6910138,1.2310425,3.331662,-7.8197894,1.1087775,1.8791414,2.3311465,0.72104543,2.9955823,1.0147958,7.6109095,-2.0537128,135.99917763157896,0.05240892618894577,4136.053468579488,Calm
-341.018,89.85991,44.511986,28.827593,16.317823,10.590869,7.000736,0.82006645,6.097488,7.125774,5.411661,2.7358577,9.361676,5.570951,3.7773476,3.1608663,0.28721145,-1.3718241,-1.5763365,-1.9849612,135.99917763157896,0.04579199105501175,1845.8761145516376,Calm
-192.50781,80.95126,25.701668,18.534098,14.171379,1.265469,4.0929475,-1.416841,2.6607602,5.2351847,3.7162201,0.2937416,7.3394523,0.88755035,-1.2227072,-1.3455075,1.1447128,2.657099,3.21158,-3.0025358,129.19921875,0.0915384590625763,2428.6412687077973,Calm
-322.49924,90.65098,27.02718,37.856743,19.709015,4.6093187,3.0706127,7.9708104,1.9372374,2.0878365,0.44746554,4.8929596,13.060922,0.41256204,-0.72146434,4.703701,1.2312225,-3.745362,1.688814,0.3924471,117.45383522727273,0.0450291782617569,1787.936479244805,Calm
-217.62901,105.62872,19.315361,28.35325,8.654835,0.143652,6.3657665,-2.5397053,-12.996928,-11.149584,-6.152888,-7.734215,0.4227966,-1.2611351,1.7099493,-2.302344,-3.811484,-3.6843863,0.5768568,0.57314503,135.99917763157896,0.06136312708258629,1875.229063578226,Calm
-299.40533,60.777206,32.098515,25.695833,7.463468,-1.2953769,1.8622718,5.2616196,-5.5296664,-3.103563,3.6464572,-2.2974072,0.8934429,3.341782,7.2738442,5.9343653,-8.263965,-0.4625421,1.9967841,-7.015195,83.35433467741936,0.04091750085353851,2958.8527443760186,Calm
-294.19385,84.66457,39.07789,28.635206,14.131192,1.0344223,7.3534536,5.217076,-3.739166,-5.041574,2.2247612,-0.56659275,4.2180734,0.1285846,0.8307332,-2.1461122,-4.497451,-1.0901142,7.2270007,-0.24393673,117.45383522727273,0.05349314957857132,2213.669961452585,Calm
-215.39735,100.96081,17.098629,12.978259,16.062912,4.7642055,4.5650473,-3.1336946,-4.154083,-2.2966676,-4.928966,-3.3494503,-1.4255524,-5.027763,-0.6690236,1.347664,1.9956139,-0.25326055,0.96090025,-2.129334,83.35433467741936,0.04529404267668724,2151.985122584835,Calm
-366.44046,131.6985,16.512922,36.320045,5.060641,14.675128,-6.163728,4.7142596,-9.5868,-1.2903655,-2.6941347,1.5798401,-2.2748075,-0.18491913,-3.260644,-4.681197,-3.571376,-3.969041,-1.8218514,-0.9156634,123.046875,0.03977746143937111,1077.1722769200633,Calm
-219.7643,100.79803,-1.4563252,41.28544,-0.94854546,23.37939,-11.514086,20.027903,-15.970275,13.943597,-7.9898467,5.7383604,-6.868227,6.2124853,-5.809605,0.95446795,-5.1647315,3.0511165,2.08082,0.95451397,117.45383522727273,0.06815897673368454,1855.2856495889075,Calm
-277.2356,95.75203,-2.9794943,43.91987,1.9414102,22.249989,-6.1406465,22.460953,-12.840875,10.780396,-7.533229,3.5953238,-5.0750594,6.763929,3.6364908,6.7209134,1.7745736,-2.1269126,-5.3855343,-5.336741,135.99917763157896,0.04436849430203438,1874.6280401896176,Calm
-413.5791,118.27575,31.10331,40.165215,13.103847,13.944953,-3.7192216,4.748372,-9.8912525,-3.062776,-6.2822113,-3.6105387,-5.2636905,1.1222538,2.8341734,6.594534,7.9513693,5.062708,1.6020721,-4.3780694,86.1328125,0.02118764817714691,1176.0043625534947,Calm
-223.0306,102.89912,-1.669735,45.199474,-6.7459745,25.354921,-14.366872,24.246717,-10.414378,11.146243,-9.151457,6.625129,-7.8286963,9.370097,-3.43028,2.673875,-6.2106004,0.8636526,-3.390311,-0.38150388,80.74951171875,0.06013178080320358,1884.9439012894368,Calm
-315.01422,112.72766,9.740748,38.98918,3.942611,20.019875,-7.2231927,15.273513,-13.67778,10.151816,-4.8844333,4.7019944,-2.6995625,3.828492,0.84135544,3.3496346,-2.1094282,-1.2456766,1.7837285,-2.2265732,135.99917763157896,0.03925933688879013,1492.5645306761603,Calm
-52.93138,50.087288,-11.485749,46.351738,6.5509257,10.124288,5.479244,8.854688,5.9422083,6.6225224,-4.047175,9.770576,-3.118492,3.657853,-6.5097322,1.0867522,-4.4839272,4.728173,-2.7538903,0.50667185,95.703125,0.11609075963497162,3274.344587423776,Angry
-80.14728,64.84362,-15.4656,46.839314,7.9110203,21.762014,-2.1760788,21.986689,-7.7126274,11.144746,-4.2870846,11.442519,-10.365105,11.727381,-7.0957055,5.931137,-9.025644,5.5059457,-6.201168,3.1252632,78.30255681818181,0.09726957231760025,2922.908394647605,Angry
-62.21819,115.20072,-42.81503,54.31106,-24.88396,20.133108,-21.639133,20.847036,-8.398701,20.328602,-10.731801,9.669686,-14.547392,6.932939,-7.4813604,5.9730854,-3.4757648,6.5742908,-6.5773697,2.9633865,112.34714673913044,0.13275112211704254,2198.5048742476088,Angry
-43.064682,75.397606,-47.840973,53.023735,-12.337867,36.87316,-8.28772,28.40454,-14.531338,22.106436,-7.3557463,15.97535,-13.140837,12.263161,-10.449837,5.939399,-6.6831427,5.279664,-2.331793,3.5936801,99.38401442307692,0.15017862617969513,2751.926423435394,Angry
-107.129585,47.660187,-8.620708,38.398926,8.458258,9.54455,1.0175123,20.74903,0.7148489,11.783107,1.1646875,11.063398,-2.529399,7.581268,-4.199112,7.0764894,-6.6205163,4.546639,-4.2624664,4.2896204,135.99917763157896,0.06345061212778091,3403.0755097954175,Angry
-79.627686,93.472885,-27.749144,64.06913,-18.807098,23.320396,-10.540276,13.356394,-17.537811,16.38852,-10.054388,8.941801,-16.081074,4.287135,-14.799312,0.2646285,-8.214849,3.4206583,-3.714394,-2.4369857,151.99908088235293,0.12169550359249115,2464.596757533146,Angry
-140.7783,55.923157,-12.291191,44.319008,-10.604771,10.867444,-0.95333475,22.243965,-9.378978,15.246445,-3.0641425,9.072361,-8.798301,8.746224,-12.113971,5.550327,-12.49319,6.3504667,-3.8611655,4.7257943,123.046875,0.050441399216651917,3237.576392654718,Angry
-108.09749,65.77733,-20.841005,47.559593,0.85362834,8.991208,-3.2142599,20.978045,-10.349271,7.8764496,-8.126471,12.045557,-9.155128,7.0092583,-8.752738,5.7859516,-12.3694315,3.441416,-7.378526,4.871621,151.99908088235293,0.06947104632854462,2939.529800244255,Angry
-149.98431,67.907,-6.6888485,32.084488,6.0797987,12.23563,9.134745,10.182917,3.7711065,10.5964,0.7727522,7.715685,-1.1583729,-3.3025763,-7.533149,0.41751117,-4.005859,1.2608818,1.4787947,5.482005,117.45383522727273,0.05838334932923317,2964.5694774912263,Angry
3.642235,104.75209,-0.82264477,55.941105,-29.222486,31.255442,-14.195287,20.202589,-8.280901,15.181638,-14.587307,15.663606,-12.990428,15.283536,-6.9285975,9.860408,-6.502115,4.901696,-0.77597106,6.457592,112.34714673913044,0.3127274513244629,2250.890548724811,Angry
-58.72036,70.55818,-19.421354,73.593155,-27.765425,23.759441,-17.90417,21.222898,-16.94942,16.136871,-15.223488,14.874156,-18.705826,11.308096,-14.637608,4.3117094,-12.718779,1.1689208,-8.019436,0.91980964,184.5703125,0.11810389906167984,3048.5052057998882,Angry
8.79297,82.823204,-30.564281,66.71608,-16.359282,16.56822,-10.763801,29.540407,-25.089777,16.821932,-11.392602,12.7859,-13.347067,9.802606,-14.256787,9.601154,-8.031881,5.1873074,-2.9507003,4.4044585,161.4990234375,0.2306375354528427,2699.980049142347,Angry
-64.107925,74.525986,-45.968002,65.855095,-14.676303,23.849155,-13.777111,37.7623,-10.587833,21.39044,-9.345858,17.91302,-10.791605,11.354605,-11.166747,8.709755,-8.963811,3.229737,-5.745522,2.4206762,172.265625,0.11428379267454147,2803.303204375182,Angry
-84.90263,64.63974,-36.32613,65.39542,-13.867816,22.872534,-15.565662,36.293034,-13.677166,21.259466,-9.251361,19.171608,-10.607493,12.314615,-9.792946,10.552154,-9.910699,5.051337,-5.342369,3.8016188,135.99917763157896,0.08629317581653595,3047.8529556987282,Angry
-117.9197,65.44176,-51.43996,74.10702,-13.760528,25.753458,-13.138064,32.225914,-10.345249,21.713371,-7.8024545,12.349829,-14.452733,5.787718,-13.264057,4.5679383,-11.399254,-0.666863,-4.573327,-0.21592188,151.99908088235293,0.07755839079618454,2877.3990222346356,Angry
-76.78499,68.00349,-11.247029,76.363235,-17.476349,25.336973,-17.900314,20.368681,-21.42049,14.217725,-15.768945,12.524236,-18.507431,10.831447,-13.703334,4.8643045,-11.980359,1.6491083,-7.645301,2.2255213,172.265625,0.11093488335609436,2986.8234673152315,Angry
26.693075,79.7964,-52.05575,51.320683,-16.361847,22.011911,-17.46108,30.925192,-15.979048,16.127386,-12.196157,11.303884,-12.44661,5.2065434,-7.687124,10.177715,-9.720838,-1.6887617,-7.5994143,-3.929782,92.28515625,0.2696990966796875,2743.3971145568185,Angry
-75.51751,81.91142,-22.08108,69.877,-11.740438,25.740246,-18.518963,27.027706,-14.085998,22.13411,-12.107689,14.951658,-13.525078,5.8154855,-10.154532,6.781166,-10.48783,4.3725295,-5.4660206,2.9706361,107.666015625,0.11375342309474945,2656.165733706924,Angry
-76.37207,123.29144,-89.89615,76.44556,-21.269108,22.2958,-13.650001,14.64789,-6.320443,9.922285,-3.922688,5.3985925,-2.4885116,5.03836,-2.9841642,5.112243,-4.3798876,-1.2858986,3.0850468,0.17664616,99.38401442307692,0.11838973313570023,2291.2788294344687,Angry
-89.329834,82.35691,-23.258312,68.10751,-13.08676,22.4548,-18.526537,26.23265,-14.358577,21.504412,-13.878504,12.481539,-14.122218,3.753356,-10.118068,5.4011245,-11.116164,2.6867979,-5.68873,3.0959978,112.34714673913044,0.1008545383810997,2699.597527581128,Angry
-75.01831,81.17257,-20.199926,68.304726,-11.342598,23.670305,-19.83402,24.183435,-13.177372,22.286407,-11.556872,13.55321,-15.058013,3.302359,-10.513962,5.075372,-10.686498,3.8659298,-4.944836,3.25994,99.38401442307692,0.11727560311555862,2658.2188462959766,Angry
-76.28286,61.76296,-37.112747,62.440014,-14.831243,34.567806,-11.487005,30.963097,-12.278125,22.313232,-7.511117,17.84716,-11.126256,10.237994,-10.79403,5.1591578,-7.724808,2.585732,-3.0912778,2.6671667,107.666015625,0.10844625532627106,3046.7299311449274,Angry
-45.843933,108.013725,-11.740544,66.32776,-30.207605,9.2367,-25.772972,21.87735,-17.929054,10.275843,-14.119918,18.74677,-14.2388315,-2.2378857,-5.778148,-5.8649893,-2.5429695,1.4795749,-5.616363,-2.820123,135.99917763157896,0.19878226518630981,2218.499205435564,Angry
-43.716743,82.74609,-29.634932,70.4197,-21.612555,31.165257,2.078945,28.88349,-2.6835523,19.90194,-6.94059,19.136198,-7.3723607,7.891117,-13.863939,4.059309,-6.876037,-1.7961832,1.4668609,4.5396914,143.5546875,0.19530221819877625,2576.10753705241,Angry
-16.706278,94.11414,-32.7863,61.490444,-10.101551,34.22357,-11.971187,28.200222,-15.321425,19.325449,-8.278708,17.934834,-7.455649,12.818329,-6.1901646,6.3816876,-6.894108,4.45563,-4.1618023,4.225447,112.34714673913044,0.23138710856437683,2410.986411509785,Angry
-120.12781,91.28767,-38.79496,75.003784,-3.8060124,22.66649,-8.123723,23.654572,-14.638494,13.365054,-9.405639,13.706509,-9.3145075,3.5835807,-11.857464,1.024725,-10.71396,-3.241502,-3.466504,-4.5768414,135.99917763157896,0.10044173151254654,2384.812609828754,Angry
-61.47552,71.744484,-46.288235,75.442215,-18.524563,35.957085,-12.68256,28.374231,-9.363221,14.5109625,-4.2694545,11.870008,-16.039183,12.117884,-16.081953,2.3608217,-8.121183,-1.4349422,-0.9419497,0.81972945,129.19921875,0.1382410228252411,2871.3062606691374,Angry
-36.462593,94.79669,-36.61026,55.001995,-8.23886,29.6873,-13.684501,28.724905,-11.995235,19.366922,-15.665719,13.938667,-11.981068,7.5400558,-11.918596,5.4808097,-9.272308,6.1842527,-4.3013177,1.8341254,129.19921875,0.165077805519104,2398.412461241184,Angry
-28.089987,84.033875,-43.716156,47.99097,-22.45509,19.917406,-25.18115,24.802286,-13.120749,24.669502,-16.419373,17.564196,-15.417398,8.639938,-9.952718,7.071071,-9.484701,8.427125,-3.548901,2.6234772,135.99917763157896,0.1440742015838623,2789.300841643996,Angry
-103.65834,73.83582,-16.127468,53.154728,-25.099674,33.991577,-13.64172,25.99047,-18.906933,18.668743,-12.777742,9.545628,-16.148779,8.769026,-12.545799,5.3656545,-8.112325,6.6663527,-4.4953666,2.929663,123.046875,0.08899232745170593,2955.2644930453703,Angry
-77.45472,130.88896,-23.287468,61.99624,0.9075686,30.532892,-8.75849,19.443262,-2.2276921,13.108556,-3.2997828,8.935825,-8.964679,-0.35130334,-6.036298,-0.39818123,-6.789776,-4.3958716,0.9761338,3.9791048,129.19921875,0.23020584881305695,1525.6954691515564,Angry
-12.50253,91.33017,-23.079102,50.981163,-12.106397,30.916203,-15.001935,23.06173,-14.281173,23.065378,-17.684673,13.16198,-15.200903,3.9402606,-9.093106,5.5435486,-9.840607,5.6275406,-7.0400944,1.4170808,135.99917763157896,0.2203839123249054,2566.910608201603,Angry
-61.90703,93.03636,-39.96771,56.147964,-19.685198,23.381887,-7.6440945,17.719402,-19.306639,17.783297,-13.095866,14.301978,-13.079706,5.447866,-10.795583,3.732999,-10.746842,1.273748,-4.612356,0.33479154,117.45383522727273,0.13647572696208954,2502.5342481859757,Angry
-35.73135,115.466896,-40.631664,75.38111,-12.545452,21.839254,1.8210291,15.605564,-0.17317204,10.234974,-11.762732,15.405224,-12.471008,4.6235504,-2.470627,-1.6684321,-0.3332341,-7.7724237,0.99608034,-4.1807895,123.046875,0.2567307949066162,2029.8387796734646,Angry
-104.68676,87.7357,-33.242126,48.456833,-28.924986,22.51373,-24.994108,20.534803,-12.07721,18.25662,-15.190194,10.294038,-13.897689,10.2869,-4.697043,9.943593,-5.6209707,4.7915606,-11.67811,2.9583418,161.4990234375,0.09048659354448318,2707.5423665716226,Angry
13.472155,78.02858,-32.999123,55.550117,-9.963229,35.417408,-17.641218,29.057076,-11.254932,14.004886,-10.102363,16.527351,-8.494954,5.9217753,-11.878571,6.4486423,-11.164233,-0.1977011,-2.188119,1.3877146,117.45383522727273,0.27074897289276123,2836.947977795833,Angry
-71.27534,82.33836,-30.17323,56.464287,-10.875072,26.82275,-15.808304,25.348274,-15.630501,17.768711,-13.055728,14.62801,-14.275042,9.547383,-10.368048,8.101744,-7.463908,5.4308796,-4.4021826,3.0511744,143.5546875,0.11219081282615662,2685.8291745827923,Angry
-79.07527,106.81676,-38.75978,39.854446,-26.757378,32.46526,-15.021737,29.701921,-11.37107,13.770958,-14.502706,16.169477,-3.0626535,3.566323,-17.280031,-2.1323607,-12.57326,-1.2415167,-1.201715,9.030018,135.99917763157896,0.11197950690984726,2292.510290744662,Angry
-122.234886,62.287914,-34.47575,75.653,6.2773776,22.03109,-10.958645,23.23548,-12.28494,5.612535,-6.983782,5.6169767,-14.398442,-0.47629908,-11.284502,2.1349807,-7.7125216,-2.7237544,0.8729692,-5.324056,95.703125,0.14581423997879028,2690.651414951033,Angry
-99.77965,102.12207,-23.655642,63.08262,-8.785433,30.73993,-9.646097,14.164796,0.37265703,13.223106,-10.096967,9.193242,-4.932152,2.3094268,-7.185385,-1.0914272,-4.928224,6.3270736,-5.055401,-9.303228,117.45383522727273,0.15433324873447418,2099.3502081908823,Angry
-74.115524,80.12189,-46.98442,51.01986,-9.138492,31.76564,-6.376152,24.85552,-19.142609,20.790123,-11.669212,13.848666,-16.47486,7.748832,-10.6138525,7.497552,-10.351635,4.983658,-8.210215,1.2308668,107.666015625,0.10460098087787628,2709.5400662447228,Angry
-100.42865,104.687256,-57.258133,56.590775,-5.5367737,22.83633,-6.167544,23.090935,-19.069187,17.792307,-13.767806,9.958694,-14.848816,0.3448952,-7.3256383,6.9757853,-12.664746,-0.55819917,-11.753996,-1.5418612,117.45383522727273,0.09756061434745789,2269.195809921602,Angry
-93.59133,89.89402,-55.902695,51.637325,-5.558396,28.777815,-13.892873,27.350773,-15.316164,22.829412,-12.410712,9.704986,-19.730852,-0.77918744,-9.100343,12.41412,-5.453556,4.238625,-10.8701935,-2.9501216,129.19921875,0.09364970773458481,2463.4494582050966,Angry
-110.87448,83.18676,-45.257423,56.596424,-7.4923544,19.979755,-13.402861,21.218973,-15.71974,18.087414,-18.12701,12.930389,-17.24171,3.3319187,-7.5791407,5.8677907,-7.949427,6.8205423,-5.6727304,1.3515627,95.703125,0.0904478132724762,2683.329925042629,Angry
-86.27023,76.75912,-42.356274,53.999104,-8.330258,29.407862,-7.9087305,26.661463,-14.234941,18.466795,-17.955868,9.869916,-19.038647,6.477254,-8.355194,4.8816915,-11.782924,1.6699,-10.605783,-3.7786944,117.45383522727273,0.095346599817276,2760.3423816837835,Angry
-135.51762,93.37061,-43.314274,59.227753,-8.516594,20.944653,-6.532816,21.889866,-18.970129,17.05032,-15.884877,11.082778,-18.48888,-0.826837,-5.6172304,4.6652665,-8.734545,2.1139982,-8.564519,0.21051939,61.5234375,0.08803665637969971,2389.4350405557316,Angry
0.3734972,79.70633,-30.638968,61.075768,-17.464642,26.695745,-21.258287,22.35319,-13.023766,17.867393,-13.381073,19.257633,-10.976209,10.706493,-9.433652,7.660083,-8.689539,3.1708357,-6.8286395,3.8781016,117.45383522727273,0.21233072876930237,2795.6746741322545,Angry
-1.9254107,72.69556,-32.789642,63.592026,-18.557953,25.872955,-13.854105,18.064384,-11.945406,19.657593,-13.961472,18.737665,-11.190176,7.9533334,-10.283534,5.310404,-9.025781,4.315321,-5.6433825,8.725261,103.359375,0.21744711697101593,2908.260266485554,Angry
9.612599,76.345825,-31.275438,56.887745,-20.73966,27.254444,-16.64428,19.372133,-13.922549,19.66951,-16.064047,17.490234,-12.959961,11.716283,-11.183552,5.478863,-8.587833,4.1037006,-4.4196367,8.829624,107.666015625,0.2244560718536377,2889.2745891447994,Angry
10.01106,74.12018,-32.23159,62.772324,-23.32492,30.028408,-14.876241,20.15313,-12.141148,19.180307,-14.977439,18.800049,-12.278638,11.281032,-9.482024,7.92427,-5.609724,4.6561403,-5.2802196,6.826087,99.38401442307692,0.2175055891275406,2980.160116271462,Angry
16.498144,71.17403,-22.343836,60.273594,-18.556435,27.622684,-12.409244,16.955914,-8.73399,17.861544,-13.475232,18.930727,-11.024661,9.911685,-7.3751435,6.735554,-5.955689,3.8149297,-6.1911926,7.16933,112.34714673913044,0.24893580377101898,2987.2017926625704,Angry
9.626442,54.66245,-21.025988,60.160816,-21.065937,32.14062,-15.826892,21.457956,-8.718101,19.355715,-12.387803,19.743502,-10.803767,12.307345,-8.376524,8.23457,-7.0850525,4.327325,-7.334388,6.029405,107.666015625,0.22617772221565247,3401.339372945473,Angry
4.007581,83.274345,-37.258846,62.334545,-14.855903,23.4053,-10.465684,16.790585,-7.9484053,16.296947,-11.256233,13.319225,-7.8180065,6.423224,-5.4770126,4.675414,-5.141711,3.0196292,-2.7726502,3.8143518,161.4990234375,0.23981979489326477,2716.8331745213422,Angry
4.940334,75.07084,-24.737082,57.010853,-21.78284,26.048838,-12.566025,17.441984,-10.24325,18.605541,-13.024874,18.953098,-9.70242,11.359749,-7.2705593,7.7291527,-5.3974466,3.4073267,-6.935817,6.544121,123.046875,0.22735066711902618,2906.8537059020937,Angry
1.1746387,66.64868,-23.702898,60.944363,-18.885223,29.745417,-17.549292,21.030996,-11.19126,18.808363,-13.065931,19.950945,-10.563495,10.513773,-9.3363695,8.415618,-6.657996,5.0049186,-6.474301,7.6110287,123.046875,0.206991046667099,3114.329793935282,Angry
10.46768,63.71505,-28.434465,62.601223,-19.601042,28.82345,-15.230561,19.297329,-10.69957,18.856491,-12.71232,18.030092,-10.830204,12.705911,-6.1213317,9.256771,-7.143946,4.64053,-6.5071797,7.859061,172.265625,0.23245997726917267,3108.6767565401215,Angry
11.974039,69.42492,-23.266045,60.70763,-20.820644,25.098286,-16.195517,15.557082,-10.503491,18.778437,-13.387608,17.373083,-11.059947,10.266618,-8.716946,8.182579,-4.9607787,5.420798,-5.496191,9.081053,107.666015625,0.24290090799331665,3010.8123920844464,Angry
-24.911848,77.543625,-30.417301,68.36967,-6.524643,24.6945,-9.805858,19.518623,-11.461867,18.59208,-14.161357,14.448354,-5.920214,9.08153,-7.698092,5.832566,-6.617128,2.292533,-7.4986577,5.7593102,129.19921875,0.2071896493434906,2718.481020565502,Angry
-15.687386,100.09827,-37.590454,45.971,-20.773737,25.637007,-18.64387,26.516623,-20.16317,21.12962,-13.649135,10.978789,-15.535993,3.681421,-7.7146096,3.9337354,-8.12184,6.9547653,-2.0548267,3.9079616,143.5546875,0.18442486226558685,2459.3807747248898,Angry
-15.622626,99.13169,-45.622692,55.021473,-18.016518,23.890497,-19.60334,27.33491,-15.09996,18.792261,-16.151487,9.21564,-16.218187,5.4411445,-4.6560435,6.2786555,-4.701227,7.4452233,-5.8759637,-0.69400424,99.38401442307692,0.18227964639663696,2442.6700033077755,Angry
-58.221924,105.824524,-43.90767,58.441563,-18.440865,27.96586,-17.969337,21.048119,-15.550262,13.395051,-15.685904,9.364441,-15.323449,1.5323157,-5.9749947,2.051745,-6.8151,4.210942,-3.407656,1.7647108,89.10290948275862,0.12572911381721497,2315.8697989887996,Angry
-74.115524,80.12189,-46.98442,51.01986,-9.138492,31.76564,-6.376152,24.85552,-19.142609,20.790123,-11.669212,13.848666,-16.47486,7.748832,-10.6138525,7.497552,-10.351635,4.983658,-8.210215,1.2308668,107.666015625,0.10460098087787628,2709.5400662447228,Angry
-100.42865,104.687256,-57.258133,56.590775,-5.5367737,22.83633,-6.167544,23.090935,-19.069187,17.792307,-13.767806,9.958694,-14.848816,0.3448952,-7.3256383,6.9757853,-12.664746,-0.55819917,-11.753996,-1.5418612,117.45383522727273,0.09756061434745789,2269.195809921602,Angry
-93.59133,89.89402,-55.902695,51.637325,-5.558396,28.777815,-13.892873,27.350773,-15.316164,22.829412,-12.410712,9.704986,-19.730852,-0.77918744,-9.100343,12.41412,-5.453556,4.238625,-10.8701935,-2.9501216,129.19921875,0.09364970773458481,2463.4494582050966,Angry
-110.87448,83.18676,-45.257423,56.596424,-7.4923544,19.979755,-13.402861,21.218973,-15.71974,18.087414,-18.12701,12.930389,-17.24171,3.3319187,-7.5791407,5.8677907,-7.949427,6.8205423,-5.6727304,1.3515627,95.703125,0.0904478132724762,2683.329925042629,Angry
-86.27023,76.75912,-42.356274,53.999104,-8.330258,29.407862,-7.9087305,26.661463,-14.234941,18.466795,-17.955868,9.869916,-19.038647,6.477254,-8.355194,4.8816915,-11.782924,1.6699,-10.605783,-3.7786944,117.45383522727273,0.095346599817276,2760.3423816837835,Angry
-135.51762,93.37061,-43.314274,59.227753,-8.516594,20.944653,-6.532816,21.889866,-18.970129,17.05032,-15.884877,11.082778,-18.48888,-0.826837,-5.6172304,4.6652665,-8.734545,2.1139982,-8.564519,0.21051939,61.5234375,0.08803665637969971,2389.4350405557316,Angry
-82.50126,97.34412,-34.373585,71.40592,-3.2831824,17.367373,-9.023832,16.01118,-19.003857,12.078761,-9.568192,13.949615,-14.460563,7.954933,-7.123618,5.177264,-7.2045445,0.66760653,-4.8388996,-2.1070077,135.99917763157896,0.13624882698059082,2254.451747982022,Angry
-99.92597,106.37655,-40.69357,52.71699,-20.752645,25.27852,-11.834836,22.090796,-12.473096,13.7743025,-14.384913,15.974963,-11.724976,5.771152,-9.157407,3.6455305,-8.888176,2.382878,-3.6879458,0.15610039,161.4990234375,0.09832204878330231,2302.7150351085147,Angry
-111.631966,111.15152,-10.673634,69.67505,-4.912429,29.834532,-10.388692,21.257767,-6.6391087,20.084322,-7.234053,16.228865,-10.11801,5.317103,-3.5098681,1.3618947,-4.704603,5.6378694,1.5145245,1.8745899,161.4990234375,0.17355334758758545,1741.2304486142502,Angry
-197.24265,74.135826,-10.732934,54.719276,-7.5989184,18.415987,-18.87797,11.601353,-14.568,18.417076,-16.47915,12.569828,-10.470822,12.355381,-6.2587886,10.49567,-7.0594673,3.7297091,-3.235438,0.65811384,117.45383522727273,0.04885876551270485,2742.97005055359,Angry
-78.646675,80.88038,-24.589214,47.02528,-23.750679,27.423235,-17.429619,22.271526,-13.534699,21.57405,-11.100493,15.586865,-9.705412,10.519357,-8.843406,6.2142015,-4.767707,4.531236,-3.4288983,3.1645641,86.1328125,0.11531482636928558,2808.0046134374647,Angry
-35.211857,93.95566,-35.184963,62.78997,-11.732125,26.993427,-10.765925,24.075377,-13.050642,13.60035,-12.423316,13.567939,-12.25336,5.923869,-11.990138,3.3103526,-11.968026,-1.3697472,-2.4044914,-2.6268032,123.046875,0.19427227973937988,2340.03096955969,Angry
2.7658198,77.069046,-17.562174,57.969265,0.73400027,28.834631,-7.8623486,27.62109,-13.553445,17.290194,-7.5781507,13.043516,-8.747499,6.2662,-8.75173,5.6346817,-10.762566,1.7315366,-7.0443177,-1.6029269,143.5546875,0.29335370659828186,2642.032925778633,Angry
-201.17038,76.82515,-14.830626,68.75314,-12.95295,36.95549,-10.98254,23.685736,-12.256573,16.672417,-11.068587,15.556435,-11.184572,10.567687,-3.8928819,7.0718303,-9.825485,2.655147,-9.00015,-2.2275777,123.046875,0.04084273427724838,2723.644292308425,Angry
-40.462826,105.28377,-14.121419,54.854095,-1.1847332,20.07817,-11.68658,22.177694,-10.23769,14.195452,-6.912577,13.34514,-9.254659,6.935655,-4.394074,7.80383,-7.623223,0.6606221,-3.9646745,-0.00101941,112.34714673913044,0.24473604559898376,2068.6843930292544,Angry
-100.87204,76.131744,-29.540949,69.70769,-17.339687,21.392006,-12.921216,22.004938,-9.841376,18.424263,-12.037166,8.98118,-20.874262,-2.6910977,-9.629925,2.9316752,-7.5035872,0.53127,-4.969364,-3.1851037,143.5546875,0.09692568331956863,2792.6902805308296,Angry
-42.02993,86.998,-27.519882,62.60779,-27.02055,32.348595,-18.955395,22.138983,-14.33114,19.516882,-10.970767,16.759539,-12.39556,10.520514,-6.721216,6.517083,-9.209883,6.571162,-5.7864056,1.3288357,151.99908088235293,0.14909757673740387,2741.0869522297985,Angry
-1.6504898,73.40672,-15.8976755,55.80285,-1.9217755,34.024567,-8.33632,32.767876,-9.721337,20.836998,-9.041395,13.956027,-9.598967,4.965141,-6.625369,6.481497,-6.449592,2.2325191,-3.009212,1.9899175,99.38401442307692,0.2694525420665741,2815.480455068502,Angry
-74.930435,79.14185,-40.912487,54.72062,-9.683362,37.261475,-14.976005,20.937372,-17.431295,16.582232,-11.095817,15.470195,-11.143389,10.473645,-6.3828216,5.5478888,-7.290111,2.9126556,-0.56903315,-2.834362,123.046875,0.12730838358402252,2710.046718960874,Angry
-73.5308,74.63624,-16.441614,55.65842,-7.735835,36.544735,-18.304749,27.83494,-11.930489,20.062954,-11.356052,14.714357,-7.2918735,9.606173,-6.752446,7.8925457,-3.5827742,2.6660888,-5.102823,3.0479608,161.4990234375,0.13986295461654663,2848.182022368144,Angry
-19.135782,118.842636,-52.170376,42.712044,-21.577301,27.695185,-14.619277,27.023914,-17.138739,18.976408,-10.770826,9.391385,-4.661059,1.0903964,-5.0440955,4.053998,-6.41968,1.9957601,-5.504406,0.45868543,151.99908088235293,0.1903994381427765,2138.240246747415,Angry
-57.683388,101.43232,-41.485245,55.1306,-23.34928,28.151102,-12.139105,18.150204,-15.429839,11.888646,-10.803695,9.394469,-12.284428,4.8094835,-12.406642,5.4261503,-8.844725,0.0592812,-3.1784744,-3.3618436,123.046875,0.1315898895263672,2378.392047570882,Angry
-29.364521,101.90519,-29.13861,69.73786,-16.19941,19.447557,-18.348463,19.076456,-18.29892,15.284218,-8.25647,2.497314,-14.802311,4.613596,-12.252425,5.274204,-10.689712,6.4197164,-6.4118514,-7.0120497,117.45383522727273,0.20863252878189087,2340.7560584493326,Angry
0.2972941,94.16096,-32.3892,45.45783,-15.206421,25.888224,-12.4076,19.62569,-6.809362,17.237934,-12.993833,13.681172,-8.694563,6.838666,-8.357132,4.9821687,-4.3411765,4.7893076,-4.18103,2.5486681,151.99908088235293,0.2297840416431427,2522.6734734695337,Angry
-46.61735,86.81587,-34.77483,49.901302,-18.18641,28.723974,-23.486286,15.659389,-8.936177,10.598558,-18.183575,12.44495,-13.5549555,4.6712093,-11.670172,5.3254375,-13.545012,1.3799647,-4.7241096,-3.12482,103.359375,0.1519096940755844,2647.051996452653,Angry
-96.30452,90.98215,-32.244602,54.340145,-23.049862,27.707533,-16.94906,21.061527,-18.193655,22.608337,-9.001288,14.274058,-11.000206,10.09328,-11.180352,5.7860255,-9.896402,4.399218,-6.9783983,1.2410431,123.046875,0.0882878378033638,2629.0107378061284,Angry
22.813816,60.81909,-6.410773,53.192284,-13.250526,27.924463,-14.319424,29.69412,-17.342932,20.313677,-9.7461605,17.133959,-8.265369,8.699249,-10.187819,8.035244,-8.118927,4.91807,-2.4821692,3.202052,95.703125,0.26716455817222595,3338.669549044171,Angry
-129.72392,104.0453,-26.971245,68.268524,2.4256186,22.6046,-12.102456,17.058987,-5.6731367,13.67059,-2.8124678,5.375527,-3.0072358,2.9793868,-5.830591,3.9462996,-5.9979544,-1.9706922,2.3825228,-3.8564756,117.45383522727273,0.13326412439346313,1988.1097637793819,Angry
-90.7047,128.03145,-34.762016,73.75541,4.3358192,28.097118,-0.5283841,17.356289,4.38969,12.314994,2.2703788,5.679951,-6.7684245,-0.4774753,-0.28473482,5.875542,-3.9548364,-1.292345,3.5097077,-1.2530525,151.99908088235293,0.26598837971687317,1443.9436096106106,Angry
-93.4888,100.64778,-23.36959,52.49629,-7.7495117,39.58746,-7.7753916,26.730106,-12.477862,11.733406,-10.55607,23.026806,-9.96186,4.1548424,-12.798698,1.7885051,-2.0170689,1.9329509,-9.061236,-7.053524,89.10290948275862,0.14660067856311798,2141.760929048819,Angry
-96.65606,101.72485,-16.843752,47.311695,-27.08291,28.275732,-17.200556,21.652477,-17.890528,7.0187664,-14.618828,15.222269,-16.005716,3.4892616,-13.510425,0.34644547,-9.604607,2.957613,-7.067704,-3.1289787,92.28515625,0.11596696078777313,2323.780312899506,Angry
-67.89626,108.934105,-33.84926,50.502457,-21.373014,21.500319,-14.890105,11.634114,-19.267109,10.540525,-13.92236,5.5628266,-14.436232,1.9926131,-14.666116,-3.027456,-13.955391,-2.0799775,-9.063074,-7.5461564,117.45383522727273,0.1662825644016266,2090.459458437368,Angry
-104.97826,80.70867,-28.533834,66.800766,-20.704025,29.11902,-9.355721,22.353577,-12.043808,13.592499,-14.734194,11.049198,-15.269818,5.3051586,-14.498409,4.748712,-11.4545145,-0.118270405,-6.5025277,-2.673578,172.265625,0.09202425181865692,2644.8797461791337,Angry
-104.68676,87.7357,-33.242126,48.456833,-28.924986,22.51373,-24.994108,20.534803,-12.07721,18.25662,-15.190194,10.294038,-13.897689,10.2869,-4.697043,9.943593,-5.6209707,4.7915606,-11.67811,2.9583418,161.4990234375,0.09048659354448318,2707.5423665716226,Angry
-35.348392,94.13724,-24.249739,43.305695,-16.374916,29.515818,-5.852855,28.461887,-13.956538,13.738647,-9.20102,15.596586,-8.491608,11.409294,-6.1395063,9.319452,-6.614794,3.5066886,-3.2864223,3.667304,151.99908088235293,0.18551446497440338,2445.203639101959,Angry
-51.584152,86.15932,-20.28268,59.05158,-10.889933,27.533499,-11.25417,23.941713,-11.55746,13.293803,-9.016419,13.907334,-10.740367,8.386071,-7.090927,8.215174,-6.1754866,3.802813,-1.9112833,0.8906286,161.4990234375,0.1881980299949646,2493.9383740127623,Angry
-82.15792,98.29185,-16.522,68.44801,1.4452634,29.869274,-5.2750893,24.39949,-10.475004,14.404365,-7.89216,10.020229,-8.503235,6.668705,-6.297929,4.435781,-7.250672,2.3266816,4.2457356,1.1033678,112.34714673913044,0.1860797107219696,1983.2971581753839,Angry
-95.3391,92.06636,-28.061176,52.796284,-3.018975,25.395771,-6.135991,20.098093,-10.223874,12.41114,-8.270396,11.693288,-9.268384,2.805844,-4.433479,5.498817,-6.2805414,3.8303192,-0.424016,4.660675,151.99908088235293,0.13900022208690643,2241.4549321413824,Angry
-66.66679,88.367165,-27.544342,53.177696,-9.20226,27.959316,-8.114095,26.28682,-8.239136,12.685691,-7.13096,13.688373,-8.364938,7.9673624,-6.2975745,8.1210785,-4.975645,6.161322,0.36444405,2.6937668,143.5546875,0.17009800672531128,2375.5535392574907,Angry
-94.53429,55.664608,29.260527,27.047909,20.063942,1.1709082,12.953799,-0.7993096,8.872952,-0.67619544,-5.338357,2.2207072,-4.614716,-0.982661,-1.4855211,3.13206,2.5117698,4.0958247,9.172982,4.7367454,89.10290948275862,0.18582646548748016,3422.09468148469,Happy
-59.200977,45.285435,36.85824,15.68674,15.64339,1.674394,7.294538,8.814742,5.826009,7.992021,-2.28285,1.896229,-0.9197742,0.03975758,0.09380678,-0.82496876,5.5837708,3.8282194,5.5861907,4.933342,107.666015625,0.2621861398220062,3702.928030369771,Happy
-59.607124,62.98234,31.12206,16.92889,8.904489,10.815333,10.561759,5.165959,5.408297,6.1599445,2.2780192,4.254538,4.1256804,5.7277184,5.0610714,5.671052,1.4182492,2.8187902,-1.4061422,-3.3785646,83.35433467741936,0.21516600251197815,3213.5168358111127,Happy
-125.906784,126.61828,-23.186909,36.22425,20.962921,-1.1735233,16.486767,-3.6612227,6.5204906,9.33727,-6.409656,3.880195,-7.941657,2.048692,-2.3359532,-1.481203,4.7531238,-3.5139244,4.886851,-3.1990805,92.28515625,0.12935476005077362,1837.191501891123,Happy
-20.901945,83.24167,5.04696,16.370789,9.402538,-0.5629185,4.051513,6.2096024,9.122196,5.865447,-3.5055268,-0.63873327,-3.1722696,1.5466726,-0.91755396,-2.9599605,-1.3302047,-0.8693878,0.6923023,-1.7670423,107.666015625,0.2111654430627823,2753.2217697518786,Happy
-113.6181,90.014565,-5.5413437,25.595474,2.6011498,3.1922524,1.131181,6.1437182,2.7893798,-1.8761604,-7.119991,-3.4417925,-5.9110045,-4.3507495,-4.946462,-4.3801026,-3.3122663,-5.4329095,-0.570475,-2.1802385,172.265625,0.13953836262226105,2290.0859207010612,Happy
-169.15085,94.640785,24.504723,27.41387,11.641731,14.895841,4.234472,12.369024,10.702795,5.126413,-0.3423666,1.2547647,-4.157589,-3.1358938,0.2985334,-3.551203,-2.8172488,-5.7609015,-5.208213,-0.09840221,92.28515625,0.09395813196897507,2125.4079876587084,Happy
-224.45636,107.30909,-1.568328,13.870831,8.123952,-9.378748,8.120475,9.294033,9.099869,6.025224,-6.6545024,2.0728164,6.2020764,8.332799,7.5784698,2.0672483,4.5554514,1.2218055,-1.6407906,-3.7163208,129.19921875,0.08428382128477097,1968.4064522146039,Happy
-52.448246,74.022064,12.697417,24.500343,21.1079,1.9049276,6.796557,4.7199597,8.40647,8.246997,-2.2676542,-1.2025366,-2.67781,0.26133522,-1.0678633,-0.8462424,-1.2573467,-2.3307621,3.8170018,0.30459076,172.265625,0.19541193544864655,2885.3303652171926,Happy
-35.297348,61.247242,14.059667,28.661287,4.3299875,-1.3499213,-0.7904129,5.1225405,5.3524,1.2215202,-7.2570734,-0.516818,0.21715884,-1.2905803,-0.10900879,-1.2562847,-2.5358107,0.57109976,1.5749444,-1.7193333,107.666015625,0.15964585542678833,3279.967331808209,Happy
-111.13056,103.09619,10.90997,34.348927,22.34365,17.868382,6.8071394,6.333683,5.488653,0.6188138,0.3394002,3.8250782,2.0442042,-5.5212603,1.2078164,0.39954314,0.33297697,1.6744766,-4.0542765,-6.405829,107.666015625,0.1839800775051117,1901.4116456876454,Happy
-240.68593,97.109665,0.40661886,-0.268955,-10.478993,-15.741311,1.3906448,-17.873804,-9.0890875,-8.767288,-14.260694,-5.5017834,-8.368957,-9.316448,-3.1734793,1.7531855,1.5742666,5.622142,4.9669237,3.7379045,184.5703125,0.0557723268866539,2200.799680588226,Happy
-50.85386,80.22757,-9.293903,20.294153,12.106113,6.7842712,6.279613,3.4291553,-3.9568374,2.5745726,-5.706396,0.4841114,-0.571953,-0.5842753,-3.394357,-6.79263,-5.526354,-1.632335,-1.6056237,-1.5018029,99.38401442307692,0.16416127979755402,2679.2839905691167,Happy
-161.65413,85.566696,53.275494,32.21721,27.19544,11.300175,7.8961716,8.764694,1.2665907,13.211441,0.067589164,4.8267465,3.1036131,2.346416,3.6764767,-2.8747072,-2.6143231,-3.1520004,-1.1912892,-1.4712898,143.5546875,0.173065185546875,2150.085229874043,Happy
-135.32312,107.81954,-13.443976,19.0207,8.798831,12.496943,1.0323982,11.318429,2.5432124,1.2272975,-6.3917103,5.854486,2.88143,1.0215101,-1.7751945,-0.5023208,-1.0759585,-0.16349226,-0.8965706,-2.1383526,117.45383522727273,0.07802101969718933,1997.9771683248648,Happy
-45.75362,65.276146,12.941987,14.516027,7.0181103,4.4085183,6.6144414,3.298751,7.7367697,4.059378,3.6551008,2.6030385,4.0553155,2.3974423,1.7854378,-2.3755164,-1.3446785,-2.8704054,-0.84292,-2.5974782,103.359375,0.1961825042963028,3207.220332891123,Happy
-97.0082,51.786003,18.738693,20.481663,5.6104527,3.5735025,5.572289,0.73739463,7.3361273,1.6588529,-2.7012627,-0.44397447,-1.0818589,-3.45436,-2.4807754,-3.309378,-2.2329962,-2.6434991,-2.74049,0.3115342,107.666015625,0.14658914506435394,3490.329748964607,Happy
-53.12336,78.31344,2.2469547,18.838303,3.8645911,2.5142798,-3.7991865,6.814705,-0.81020486,8.754906,-4.800525,-2.151995,1.2861205,-1.7439154,-1.9404187,-1.5876648,2.6303961,2.429557,4.024241,3.9174662,107.666015625,0.14308856427669525,2789.1243751604316,Happy
-48.958145,62.637794,34.22583,12.313788,16.560747,8.622408,8.7671175,5.2450123,6.79424,9.059275,-4.0853252,-0.7463065,-0.37564674,-0.47257924,0.64663434,1.7050619,1.3546005,1.9141525,3.843488,1.6038548,123.046875,0.20742075145244598,3433.92215467519,Happy
-25.156342,70.818924,2.9392478,7.5544662,1.4596194,2.8461227,1.9075497,-6.8259797,0.291451,-1.9537078,-6.6516356,-0.243981,-0.75502783,-4.249934,-2.4407935,-5.6814713,-1.5769207,0.6693618,1.6911364,0.7881385,92.28515625,0.21087110042572021,3130.9812160844167,Happy
13.536641,58.196354,-2.2051022,5.008136,8.07077,-0.4792645,4.1051793,2.2589247,4.2934737,3.5860925,-0.5052728,2.4214692,1.8804909,2.1731513,1.9396269,-0.17357269,-0.6167384,0.75454974,0.73560923,2.0239272,107.666015625,0.24811077117919922,3487.4996203779583,Happy
-23.23011,53.819168,-0.69001114,14.726739,4.8718457,6.73059,4.8458796,4.9450912,4.264521,3.1102586,2.549565,2.987948,4.6363297,2.8481328,2.1776063,1.0669053,-0.47156632,0.3890189,-1.1717293,0.5477562,99.38401442307692,0.19348683953285217,3502.139027387522,Happy
-45.71781,65.287415,12.934513,14.516592,7.038325,4.395021,6.6337786,3.3018985,7.7297864,4.070035,3.6681185,2.606271,4.0490017,2.3892908,1.7840554,-2.3934216,-1.3437684,-2.8735754,-0.8461024,-2.5911922,103.359375,0.19612179696559906,3206.199866093883,Happy
-44.287426,51.327915,24.990482,12.160306,10.873074,7.612087,8.21147,-0.77332944,5.946744,4.7616363,-2.5084326,1.3215402,-1.946599,-0.4463359,0.23645823,-2.0033765,-1.9639544,-1.0339814,0.51590186,-0.3859591,103.359375,0.21067363023757935,3759.8089732129138,Happy
-40.830166,61.521126,9.867294,10.09655,8.454963,5.366854,8.376651,3.5050008,8.251043,5.880059,-0.10423888,-0.57036084,0.55144525,-1.9820309,1.9155515,0.076128036,-1.270984,1.2328516,1.49382,0.95021856,117.45383522727273,0.20751021802425385,3301.8647028211412,Happy
-106.83286,81.01405,47.822872,13.640558,13.000602,6.8951917,7.581348,-2.6333249,-2.4983122,1.8714978,-5.139433,-2.7431228,-3.6675773,-7.8825502,-4.80721,-6.3778176,-7.399428,-4.7401643,-0.13400175,-2.3326783,151.99908088235293,0.1896257996559143,2928.6503834649243,Happy
-73.36742,97.46428,16.87055,-0.5790378,7.180089,4.872417,0.7465054,-5.550017,0.9903747,4.9166174,-5.835444,-4.9214163,-0.030956492,-3.0463636,-0.15896805,-2.3810003,0.72344434,0.68285614,1.9683635,0.8037625,75.99954044117646,0.19566839933395386,2526.130442686517,Happy
-75.36613,83.33488,10.703896,14.455102,14.244521,7.4102573,5.279713,-0.4001259,5.7177563,3.3618035,-2.5211022,-4.2270813,-1.845522,-5.9079537,-1.2724807,-3.7835543,-2.864618,-0.9353354,-1.1115845,-2.7214704,83.35433467741936,0.15791942179203033,2682.713194799874,Happy
-45.638737,74.704506,15.98023,14.800469,8.992414,8.204231,5.6863494,5.2544928,5.3968096,2.4352226,0.7794391,1.1747062,-2.359165,-2.9500175,-2.5942533,-2.703076,-1.5022324,1.5619367,1.6137363,-0.013135739,99.38401442307692,0.1945643424987793,2946.5774176287164,Happy
-40.52484,73.47652,22.62272,12.355103,14.860799,8.946286,5.305813,9.025768,2.0851216,4.30385,-3.1314619,1.8446423,2.032493,1.3936075,4.1242695,-0.35411486,-0.7509657,1.1585399,0.7373187,-0.043280456,161.4990234375,0.23414307832717896,2988.85797981166,Happy
-18.171194,72.29644,-4.867231,-0.3595811,1.6975715,-0.9182093,-1.3221729,-0.34197292,0.6473229,-0.1809802,-1.2175112,-1.0574641,2.5195053,1.2472867,1.7523707,-3.4429796,0.39454,-0.8525016,0.9242998,1.6602957,95.703125,0.2031058669090271,3070.6451711304394,Happy
-18.854591,71.32852,-3.743232,-1.3965918,0.7103475,-1.0491368,-1.0524067,-0.24947147,0.62396365,0.42929915,-1.4892839,-1.0790831,2.415428,1.2472486,0.97181094,-3.58823,0.89175177,-0.49628252,0.70836323,1.6725212,95.703125,0.19834771752357483,3111.0610992009765,Happy
-113.1695,41.588142,21.516308,11.092116,17.440653,0.60743165,3.0293286,0.0845088,3.4569807,0.29064035,0.61601543,1.2555639,2.8942456,-0.7695476,0.22040617,-1.4086615,-0.7604615,-0.8702321,-1.5392059,1.0672659,95.703125,0.09789096564054489,4225.564575455603,Happy
-69.00193,73.77,-12.468982,9.536623,-0.045610268,12.718271,3.1650598,-0.084657654,2.5223582,2.8746748,-1.6729779,-3.025172,1.6149282,1.0892638,0.9343862,-0.41627285,-1.2382096,-0.75765777,-1.7046671,-1.0437557,99.38401442307692,0.13991199433803558,2835.0593021892837,Happy
-59.58959,77.30937,26.367233,3.1743202,6.7570415,-0.06425405,-0.62479234,-0.6904833,4.1419597,-0.44033724,-4.5419564,-3.5614958,-2.2030644,-3.5575008,0.26179412,-4.6726303,-4.6041975,-3.7405696,-1.3851972,-0.8453676,95.703125,0.18744316697120667,3141.655140286262,Happy
24.46663,68.96241,-4.2113004,-1.032618,5.249467,2.9858522,4.336798,4.2872887,6.422605,3.6307845,0.11548249,-0.00023516487,2.0697718,1.5497289,3.999015,2.8162687,2.1994698,1.5773795,-0.4722059,0.52484757,107.666015625,0.28261181712150574,3194.1768682916545,Happy
-44.214016,76.17581,22.921127,16.816141,22.998913,3.266593,6.908667,0.10313874,6.4956765,6.542089,0.85448545,2.7243903,4.5169544,2.854357,1.3195446,1.7970861,0.3768287,-1.1220286,-0.43784982,1.570019,99.38401442307692,0.2564522624015808,2944.4779985642813,Happy
4.804322,64.50391,-2.501273,10.419498,3.2420893,7.8209686,3.101567,1.4055258,6.745003,4.884832,3.2736435,1.747771,3.3316636,2.3504841,1.4266739,-0.60548866,-2.1835034,-1.6002755,-0.61104494,-4.0513687,103.359375,0.24089603126049042,3236.3834897605984,Happy
-15.679173,59.269085,-1.5834023,12.570526,8.758745,3.965868,2.0486033,4.2323008,4.9891315,2.9016716,2.327089,1.9943118,1.7193478,-1.5517668,-0.62015903,0.2913807,-0.0029854788,2.7568064,2.2938926,0.056969892,92.28515625,0.22182826697826385,3267.580275537532,Happy
-19.479713,51.92009,37.00408,13.1163845,14.590094,3.2076254,15.297413,-0.77946484,7.2424235,10.393449,-0.37440062,6.230769,-1.1885153,-2.1225436,-1.5674964,-0.7654627,0.032623857,2.834659,0.82377,1.8658277,83.35433467741936,0.279705673456192,3934.6043578715803,Happy
-76.91657,113.29569,-6.219377,19.94625,15.115961,-3.289381,4.7895107,1.0169309,2.2929258,-0.0114685865,-3.7627332,4.241214,2.2863302,-2.9218853,4.5193357,3.4273293,-0.5341384,-0.5602078,0.62774485,-2.0107126,129.19921875,0.19927945733070374,1962.259860440553,Happy
-204.75298,101.60512,26.384224,9.1857195,10.460929,5.108919,-9.447198,9.308316,-12.491376,-2.4966693,6.212447,-9.488957,-2.5600328,-9.048957,-10.187873,-4.0442524,-7.7497845,-5.138517,-1.8299531,-4.416521,107.666015625,0.08329673856496811,2053.894371276876,Happy
-37.071033,68.84185,10.511309,23.959776,15.370538,3.547914,11.677659,2.9124515,2.5459216,4.7503414,-1.5888675,2.5664659,-1.0170679,-1.6613677,0.489345,-2.8281736,-3.4125829,-4.1028423,-4.2148557,1.1007029,92.28515625,0.2234424501657486,3002.6169823427717,Happy
-50.890957,68.04223,12.082594,36.314426,8.646877,19.502785,10.722351,12.312874,1.6614351,10.164873,4.8397875,1.6969051,2.731236,3.1664689,2.4620578,1.4162686,1.0564287,1.8941798,2.2652884,2.4275951,135.99917763157896,0.25419881939888,2703.2416682609646,Happy
-47.93828,54.159214,-4.005042,21.5129,13.886649,6.003954,13.75534,1.0669996,6.722089,6.232228,1.6225083,0.45345962,2.414838,-5.597135,0.30466765,-1.0046958,0.64013517,1.258223,2.0810168,3.0324848,117.45383522727273,0.2227635383605957,3143.535196698567,Happy
-71.61501,81.12124,16.355665,8.950535,13.818385,-0.7371725,12.522272,-0.6393705,3.0430489,3.0547535,-3.2121913,-1.3185769,-0.6402586,-4.0062227,-0.9454737,1.9157288,3.5294616,5.987803,6.0908732,2.567977,117.45383522727273,0.20229460299015045,2842.6607931089798,Happy
-72.17291,81.3121,16.72972,8.680574,14.163569,-1.0486612,12.839069,-0.53434926,3.1377692,3.1529665,-3.4740798,-1.1388003,-0.6851626,-3.9981558,-1.0880299,1.7791659,3.4944952,5.9058094,6.3410254,2.4415286,117.45383522727273,0.20336604118347168,2838.0210737706198,Happy
-45.064255,69.78576,11.866147,8.177108,12.603081,7.750251,11.3099985,0.25850746,9.65932,2.803888,3.8585238,-0.83530426,2.1194327,1.1247413,0.0074640987,0.76138496,-1.4808843,3.656361,4.4588914,4.1998005,112.34714673913044,0.21580053865909576,3149.97113080032,Happy
-52.64915,47.78274,13.455156,2.2134273,13.251046,9.133875,14.447654,0.8738371,9.459656,7.004077,-0.6928578,1.7276204,8.496528,6.9274364,3.1864774,2.2743254,-0.8961153,2.0319853,2.2780228,3.4661899,129.19921875,0.15645989775657654,4052.8886703211056,Happy
-170.92262,105.92537,31.060646,22.226055,12.814611,-5.1669707,11.2371025,-2.1054718,-0.1724929,5.0788264,-11.54121,-3.6240706,1.3911012,-6.6363363,-2.4310408,-7.377177,-2.553612,-1.7130773,-6.1377354,5.067965,58.72691761363637,0.14744551479816437,1987.8719219449235,Happy
-78.1925,65.99214,24.578516,25.652824,13.854882,3.6000478,16.225538,0.59255385,3.3257751,4.16047,2.7126958,3.649891,1.3959064,2.0099125,-1.8058223,-3.9544833,-0.95099765,-1.0149827,-0.46333376,-0.7493814,143.5546875,0.208364337682724,3046.2397998563833,Happy
-14.170114,44.39024,12.680575,10.152087,11.259301,3.9758952,12.507779,-2.1717224,10.705039,2.2852633,5.0335593,-0.8662655,3.80587,1.6627513,1.5042862,-0.19028264,-1.020159,4.782087,4.863109,3.0533204,112.34714673913044,0.21318002045154572,4156.136801574854,Happy
-39.98735,35.58321,8.9385,15.082217,15.206814,10.572661,21.824984,10.004446,13.9735,16.557459,1.4647634,3.2635627,0.062112153,0.9717617,7.650401,7.642752,9.415578,6.5875235,1.1903111,-0.645236,103.359375,0.3214349150657654,3662.9266594641513,Happy
-145.92575,62.53524,-23.114868,-18.786009,-14.782013,-28.421488,3.1344159,-24.940002,-13.637032,-4.6073895,-24.383535,-15.806172,-17.455078,-11.709296,-8.264144,-13.850937,-9.910087,-11.985029,-5.035616,-2.902474,161.4990234375,0.17211171984672546,2639.59187801044,Happy
-46.703014,55.877514,26.12021,16.543205,7.104527,-3.3266866,9.25601,-0.8715933,8.313573,7.1480994,-0.5387219,1.7517585,-1.8377473,5.196832,-3.1105437,-0.8630542,-3.8621147,-2.3494835,-0.22604819,2.2205696,129.19921875,0.2736048698425293,3498.3579746722603,Happy
-56.091187,36.468166,11.94532,-6.4417515,3.7781627,5.284157,3.3947845,4.2650976,7.9939175,5.864428,1.5971135,4.8613906,0.49247718,2.506001,0.27597907,-2.591558,-1.4281116,-1.8711603,-5.3898835,-4.313989,103.359375,0.24087685346603394,3940.3499208914445,Happy
-80.39633,35.962517,20.407267,26.376535,17.379705,4.580236,13.489165,3.6187565,7.324075,5.479913,3.9538543,5.3136964,3.5346324,0.5135292,0.18830319,-1.1251197,3.5296657,1.4410526,0.47266537,-1.7977359,89.10290948275862,0.2499428689479828,3681.430351016257,Happy
-39.691376,33.951675,9.604388,16.657578,14.906162,11.198783,21.502827,9.886201,14.73235,15.628256,2.040395,2.579496,0.35728562,1.6512009,6.9411736,8.237751,9.367546,6.9661984,1.496738,-1.1285765,103.359375,0.3293133080005646,3672.6739422013616,Happy
-87.723495,64.30925,-12.976586,16.032644,0.48616603,0.40709487,4.431545,-2.7237475,-0.3093248,-0.04974521,-5.929299,-4.269969,-3.5097017,-4.630935,-4.0938277,-3.320875,0.21073729,2.704002,2.4902892,0.21650152,99.38401442307692,0.16742224991321564,2940.0005210928985,Happy
-77.94189,32.364952,20.077257,27.633484,16.262774,5.319164,13.481539,3.5032268,7.344144,5.271802,4.0011973,5.271229,3.7526255,0.78148013,0.40025985,-0.7132615,3.0644116,1.4034704,0.5459311,-1.9002221,89.10290948275862,0.25179001688957214,3727.2488351836582,Happy
-46.703014,55.877514,26.12021,16.543205,7.104527,-3.3266866,9.25601,-0.8715933,8.313573,7.1480994,-0.5387219,1.7517585,-1.8377473,5.196832,-3.1105437,-0.8630542,-3.8621147,-2.3494835,-0.22604819,2.2205696,129.19921875,0.2736048698425293,3498.3579746722603,Happy
-65.18545,65.47451,4.1277475,32.742474,16.918562,-5.8376946,14.960992,-0.2438359,9.038334,8.441269,-6.576153,-4.4843636,-2.628058,3.454899,1.6005542,-0.697875,3.2031765,1.0458927,-1.1681348,-4.722194,95.703125,0.2208092212677002,2949.270014966028,Happy
-6.92664,68.88017,3.7705872,28.195871,2.2932248,13.625752,1.0469882,6.004647,2.750496,15.018392,-8.786577,0.7954419,-7.2196684,2.92449,0.5617503,11.366313,11.479182,14.17094,-0.9239001,0.8095099,161.4990234375,0.3978508710861206,2468.498529319245,Happy
-125.98142,117.33393,-0.07229208,10.211122,4.49017,2.1888666,-3.6360846,3.3763409,1.7375195,4.551119,0.8427297,2.4246018,-3.1125748,-2.837452,-6.1066365,-5.2675734,-1.8156683,-3.2187061,1.265375,5.8006916,80.74951171875,0.12609246373176575,1826.5420467927368,Happy
-88.45125,34.333656,-11.282462,2.200408,-4.8584256,-6.1277304,0.33107796,2.440188,-8.17747,5.635986,-9.394409,-7.359539,-3.9459164,2.376863,1.2362299,10.805466,9.384404,5.292023,-2.9351192,-5.572682,129.19921875,0.16902655363082886,3647.8594016331967,Happy
-111.61652,85.579094,3.5153577,16.35747,2.2059443,5.980132,-5.045757,-3.962524,-0.096168354,1.5746027,-5.793351,-5.0871906,-0.20802827,-4.4117293,-0.7768346,1.5563339,0.36258045,0.5752826,-0.6926282,-1.8156012,117.45383522727273,0.1334853619337082,2518.6680120349943,Happy
-63.635056,79.045654,42.744022,16.09554,15.26836,10.789148,13.3115835,3.685729,4.928326,10.677057,-0.01267207,3.4803085,3.4220939,-2.4508336,0.8506413,-5.120554,-4.2999783,-1.5640298,-0.059282143,2.6619995,80.74951171875,0.24325013160705566,2844.070407885239,Happy
-52.537975,37.49602,14.12139,18.180311,16.782768,5.9580927,6.4324026,2.7082064,-0.44743842,3.2196102,-3.9284554,1.5937504,0.29058224,-0.1601175,-0.5063943,-1.5440645,2.0738177,1.2248799,4.5870175,1.6419145,112.34714673913044,0.19137336313724518,3889.787116785757,Happy
-29.26039,53.868725,-1.7002243,15.506247,1.0880837,0.5439645,4.902141,-3.2225883,-1.6917725,2.2325523,-7.1229587,-5.9894915,-2.9803963,-3.7967625,-4.8949075,-6.7240953,-0.41865265,-4.0128164,4.3791423,4.4604297,129.19921875,0.24570654332637787,3262.9124447410586,Happy
-30.211868,88.448524,-6.587008,32.785645,8.500259,8.3887,2.0425205,6.864183,3.5769942,2.720842,1.2942762,3.290607,1.5695497,2.3794365,2.5250053,1.0964288,-1.5795058,-0.26449084,0.112851925,0.42111668,107.666015625,0.2155563086271286,2327.9956325128483,Happy
-91.85374,56.674156,13.763752,15.050706,0.9011202,-4.079192,-0.22235452,0.56391364,-4.60077,-2.6161904,-2.761266,-3.0964155,1.7973816,-0.95242214,1.404723,0.92358834,1.0776355,0.9147185,3.2946672,0.21995427,123.046875,0.16782020032405853,3142.2532583222696,Happy
-52.537975,37.49602,14.12139,18.180311,16.782768,5.9580927,6.4324026,2.7082064,-0.44743842,3.2196102,-3.9284554,1.5937504,0.29058224,-0.1601175,-0.5063943,-1.5440645,2.0738177,1.2248799,4.5870175,1.6419145,112.34714673913044,0.19137336313724518,3889.787116785757,Happy
9.675074,88.82607,-20.29368,5.1013055,-2.917802,-0.18818112,0.3274819,1.604321,-2.2592056,-0.94065094,-6.2122498,-2.9767897,-1.8151836,-0.31959984,-1.3413134,-1.6791989,-0.18654181,1.7162682,-0.13248798,-3.901139,117.45383522727273,0.2344522327184677,2569.255822724336,Happy
-8.531341,54.251755,20.96331,13.099079,9.721153,6.015052,10.720785,6.1021194,0.6942645,5.0023856,-3.4498136,0.8725568,-1.9390471,-2.7849798,-2.676201,-3.3184636,1.7050132,-0.14683868,4.8484674,2.9080086,129.19921875,0.2598068118095398,3671.2604882708424,Happy
-93.63922,59.69027,32.077377,13.12749,13.27032,-6.8693585,2.3390276,-7.8879848,2.2946646,4.4875836,-4.0405664,2.6735637,-3.0863953,-5.7560024,-1.5233752,-1.1896892,-3.0514128,-1.0875477,2.3892705,4.7671,83.35433467741936,0.2103721648454666,3419.3447490583962,Happy
-68.85472,40.457462,25.354525,35.768284,13.383127,2.8213696,12.759582,4.483545,3.3571875,10.026522,-2.3750985,2.9945147,-1.8024031,-3.3783832,-1.5463306,-1.6591519,-3.5203817,1.3764956,2.0280373,1.5048237,95.703125,0.1856050342321396,3645.470694057959,Happy
-38.288414,47.802376,20.052776,23.848087,19.795454,13.665194,14.684335,4.5720963,7.7137046,8.956255,5.421002,1.1439083,1.0811883,4.386656,4.5840893,2.549877,-0.24593866,4.625784,3.0101738,-1.3092593,215.33203125,0.24529977142810822,3544.132839481264,Happy
-34.209938,40.399307,17.510662,13.42147,13.240601,7.449265,18.183458,2.7254276,4.3396277,5.8252974,-1.1257582,3.1106064,2.4149976,-2.0906532,-1.2851561,0.15344465,2.3362236,4.32972,2.137922,2.9388885,112.34714673913044,0.23102271556854248,4037.153770826656,Happy
-42.779434,62.799667,4.7602077,24.068392,9.642161,-1.8881843,9.252786,-2.9691231,3.181562,5.9340043,-4.7737393,3.0194983,-1.2408,-3.5244296,-0.32438833,-1.4424752,-1.8644702,-0.031904664,-0.73046863,-0.9891401,103.359375,0.22333700954914093,3124.14935420786,Happy
-273.28632,103.14759,8.722428,31.6977,12.511967,3.4922655,3.9396503,-0.1623023,-3.921683,3.2304423,-6.373684,-1.5361916,-3.213047,-6.777503,-3.8153548,-6.2407227,-5.618338,-4.015953,-2.3887515,-3.0845282,112.34714673913044,0.03756089508533478,1995.3281824967328,Happy
-44.972015,69.76533,11.851114,8.137467,12.62307,7.7987547,11.3074,0.19175659,9.630409,2.8426685,3.8571951,-0.8326629,2.137802,1.0925359,-0.0684463,0.64883536,-1.4783102,3.7229264,4.547461,4.263485,112.34714673913044,0.21570029854774475,3151.445800513278,Happy
-137.73312,100.24317,14.383044,15.403811,2.3205364,-1.0818115,-2.1069715,-1.6870854,-5.311201,-1.7847023,1.7484086,-6.1835394,-3.0364273,-9.783618,-6.6642976,-3.9666076,-10.177887,-2.9706817,-3.5730906,-0.6477028,143.5546875,0.09215401113033295,2246.9998668388666,Happy
-62.043816,64.239815,29.874727,23.24483,16.247189,7.4384794,8.871021,6.4075446,7.3948216,3.0163872,1.4878421,2.9757109,1.8600916,0.5432622,-0.33012384,0.8136625,1.2980133,1.1867973,0.86054564,0.09585127,129.19921875,0.20798876881599426,3168.3771358678678,Happy
-104.47532,86.85541,28.76275,26.635527,8.927457,5.6745653,7.759279,0.46634582,6.6300635,6.5633125,0.37748337,2.1488523,-0.01993823,-0.36272928,1.3109479,1.3177943,1.9381652,1.2264538,-0.12414603,0.8405376,123.046875,0.1429828703403473,2489.577623717522,Happy
-112.395996,59.759735,14.483949,19.190071,15.127423,-3.2115033,6.109609,-6.668194,1.463722,-1.1876872,-1.2330449,-0.7587416,1.884327,-0.69078666,-2.2996898,-3.4926953,-3.891752,-3.3886583,-2.4311671,-2.0892992,99.38401442307692,0.17935271561145782,3262.336283566903,Happy
-81.77599,78.609276,-17.260933,24.511774,8.410555,2.1446183,5.5200152,1.9346676,8.799277,-0.12229679,0.49543995,4.6422744,2.3893166,5.5083528,0.6174306,-1.8081219,2.3056872,7.846462,5.010965,-3.3342338,117.45383522727273,0.19525384902954102,2516.4589514571976,Happy
-50.449287,56.41648,12.563282,11.288339,-2.739751,1.362813,4.5399694,-0.96321356,2.2894216,2.7384722,-1.9891648,2.5949512,-4.0203376,0.683096,-1.396714,3.3251173,3.028759,2.6311061,2.0771775,1.3595716,129.19921875,0.1324763000011444,3594.167118271268,Happy
-47.05376,55.781746,27.617126,19.193428,15.186061,3.1757607,5.6275535,1.6121148,4.148368,1.6211523,-1.5870059,-3.0055182,-7.6369953,-3.841529,-8.113685,-3.369737,-2.2721324,4.503091,1.4371147,-0.3833655,103.359375,0.1909152865409851,3587.4721810924966,Happy
-42.68938,54.882027,17.06182,19.76454,6.852839,2.7781906,11.820236,1.2058558,7.9387155,1.1382531,-4.071282,0.13736181,-4.236571,-4.4564805,-2.5122685,-2.8911157,0.6187278,0.8994231,2.3103714,1.9261038,99.38401442307692,0.23498305678367615,3510.9284752203253,Happy
-47.681934,55.53719,19.178862,24.482962,4.0398774,1.5440774,6.9665008,-1.046118,3.0828686,1.7952809,-3.035119,1.9345393,-4.678551,-2.5212111,-0.8627602,-2.2868989,-1.6915138,-3.232456,2.612902,1.893048,99.38401442307692,0.2205497771501541,3401.2336884828965,Happy
-44.723248,55.059227,27.137182,19.50298,14.696994,3.2040474,5.509529,1.4237081,4.4969788,1.3679072,-1.6663119,-3.534417,-7.9148335,-3.532205,-8.198315,-3.392684,-2.6661005,4.2834873,1.3531154,-0.1679904,103.359375,0.19408726692199707,3603.429553551326,Happy
-8.406137,42.004875,8.2976465,17.972021,14.039091,7.345697,5.725321,-1.8997341,4.6036773,2.0709262,-1.0726746,-0.66318256,-2.4345155,-1.4743019,-3.7601752,-1.6542797,-2.3765326,0.052155107,-0.99298966,-2.6045353,117.45383522727273,0.26530829071998596,3696.287748409418,Happy
-25.935339,60.872036,6.071953,17.717197,5.13251,10.431291,2.4501173,4.9244223,8.108929,3.8508592,-0.18614742,7.252811,4.9468403,0.9169612,-2.2947693,1.5526828,0.21936414,1.9272804,2.368506,5.4341993,107.666015625,0.22711193561553955,3271.2458605975758,Happy
-20.228376,57.77345,16.777649,18.249578,8.958152,14.899964,2.6696355,3.7526221,1.1145035,1.8456721,-5.9808383,-3.6137545,-3.6554596,0.9081742,-0.47599754,-0.40367448,-4.619457,1.9671378,1.5699369,0.54384744,135.99917763157896,0.24578635394573212,3258.8665238179296,Happy
-42.268806,82.17975,-2.2469733,19.916231,13.862178,0.8657801,7.92098,-0.7182551,6.8773565,-1.9071584,-4.6875606,-3.164194,-2.94167,3.6025867,-0.078093775,1.5862794,0.8490444,-1.2324394,2.5389123,0.780242,151.99908088235293,0.19856701791286469,2806.432725529733,Happy
-36.629185,73.09261,39.12304,20.328524,12.4935465,2.151913,11.737693,-2.432415,6.6467223,3.182791,-5.3805704,-3.149369,-5.77508,-7.682376,-7.6059957,-6.8437,-6.105222,-1.5670516,2.1235182,-1.5718985,103.359375,0.303727388381958,3046.1865869262933,Happy
-59.09869,60.998295,27.75064,23.867935,12.298356,7.3722224,12.321168,7.1516924,13.415489,2.4857318,-1.9674118,-2.4141192,-4.5195565,3.4697351,2.0349872,3.7280085,2.4979274,1.2848573,3.1396015,1.6590123,92.28515625,0.2511536777019501,3126.3938966039664,Happy
-125.53952,51.196957,38.517105,14.491696,16.232536,4.642958,12.308261,1.1730316,1.7245497,9.770825,-2.8224163,2.07893,0.8530096,-0.50384986,1.3426533,-0.8620617,0.48488247,4.129414,1.749743,8.2345915,99.38401442307692,0.20417360961437225,3510.042356894514,Happy
-26.93658,46.71037,8.7081785,8.604124,6.086184,12.42523,6.958877,2.506842,1.159301,7.25731,-3.1307192,1.2537664,3.838255,4.690354,1.7137886,-0.9803977,-1.3044108,-2.6919029,-1.2717874,-2.4849613,117.45383522727273,0.21293947100639343,3634.106563927481,Happy
-119.34646,85.94366,33.886932,9.992517,17.70141,0.51905245,9.565489,-5.299008,4.170094,8.122251,-7.9776335,1.5659164,-2.933183,-1.6069088,-0.1992257,-2.4307656,1.2062727,5.8464403,1.6082752,7.58336,78.30255681818181,0.1381460428237915,2765.6481348893653,Happy
-159.4762,104.848114,-10.300141,34.656025,-4.9666266,26.805262,-21.953398,23.45208,-14.029752,19.586172,-8.298798,9.717498,-10.065849,1.4203507,-6.50298,1.0738481,-9.21135,3.285135,-0.7643056,3.762076,123.046875,0.09414240717887878,2133.437132679841,Happy
-190.91765,127.40976,-3.7634394,26.71416,-12.804948,23.936832,-8.225953,9.973004,-12.2330675,13.443711,-7.079032,1.6518703,-14.517787,-3.2188597,-10.451735,-3.4889703,-9.745509,-3.9056628,-7.6496854,-3.5429673,151.99908088235293,0.08202815800905228,1638.9674121345956,Happy
-189.03758,110.847466,2.9524722,48.38527,-6.4148865,20.739729,-12.550731,15.89101,-13.612208,9.429014,-8.036865,8.099243,-10.633535,-2.542347,-4.712573,-1.0250477,-3.2118282,2.6939583,-3.9863682,2.8767805,103.359375,0.09248043596744537,1797.2984668713393,Happy
-201.14635,104.14864,-15.473289,30.804382,14.2523155,31.42222,-7.8675566,17.963144,-4.0559983,16.943935,-11.217154,12.121105,-5.287185,-0.68669313,-1.3800302,3.9323626,-5.861718,1.042814,-2.9809184,-1.3651695,143.5546875,0.09416088461875916,1924.062787400072,Happy
-175.64171,104.896675,-15.691055,27.549057,-8.112591,24.010681,-10.335524,18.850737,-8.387437,11.847504,-7.5933056,12.554909,-6.044676,2.4995797,1.9082942,7.1437817,-3.3788843,12.449428,-3.3393536,0.7524498,123.046875,0.10106945037841797,2009.3766964303295,Happy
-176.69528,116.83858,-21.32323,38.76649,-5.4716187,26.622395,-8.185519,15.780884,-10.489778,11.041742,-10.061267,9.915604,-3.2601383,2.817187,-2.5358472,-1.406865,-9.888324,3.077434,-0.28200307,1.9877514,161.4990234375,0.10033389925956726,1798.6538836861723,Happy
-207.34694,134.66907,-9.072053,38.461567,6.2944055,22.612717,-8.297777,16.307375,-8.460724,4.16075,-4.3510094,6.347874,-6.9025645,0.95777565,-0.9435607,-2.5334957,-6.108428,2.4835787,-6.1686316,-4.584957,75.99954044117646,0.10510128736495972,1418.2807056387026,Happy
-192.26953,116.49671,-10.948332,29.89508,-0.6437026,21.415995,-11.890398,18.631174,-13.072376,14.453672,-7.3830023,4.824288,-2.8118997,3.11156,-1.6245098,-2.3962562,-6.515826,-1.4116211,-5.53472,-2.54705,151.99908088235293,0.0905776098370552,1754.296876028464,Happy
-194.59451,118.551735,-6.4070854,40.793236,-3.289793,25.464678,-9.3052635,11.397987,-6.1488485,15.341208,-5.1579056,5.756854,-6.2863235,5.865662,-2.8015068,2.5843728,-4.748822,4.527494,-3.1933515,-0.3205058,95.703125,0.10185106098651886,1691.9918927541255,Happy
-232.59302,131.23955,2.662842,18.392391,11.315527,22.940382,-10.487955,16.763712,-15.250354,15.54302,-8.380157,8.023414,-3.7811055,3.1112142,-1.4120817,3.2603438,-4.1057906,2.9342403,0.3832841,0.012208472,161.4990234375,0.08663682639598846,1609.7558037303509,Happy
-233.61296,87.49833,-22.208412,52.046257,-8.596837,24.979408,-18.240002,1.8987337,-9.137019,-0.22734664,-17.065609,-3.0177414,-9.790683,-8.786684,-7.723598,-2.1792302,-13.649117,-6.4862905,-9.148553,-12.729436,117.45383522727273,0.06166275218129158,2149.7748681954477,Happy
-198.6328,102.41358,-10.031448,30.802383,-3.3106058,20.276924,-5.6373734,28.09563,-11.512123,18.202066,-7.3657823,12.278468,-4.3605094,11.4029665,-3.4694695,2.0161314,-6.987338,1.1139207,-1.4947573,1.9552053,123.046875,0.0784122422337532,1995.6005146508553,Happy
-191.17174,96.340126,-17.656992,24.872456,-0.87806803,26.34468,-12.918912,19.642458,-9.785497,16.977057,-8.600344,11.42141,-8.215002,5.9677954,-1.8638287,5.960272,-8.060112,3.3991616,-2.631839,-0.79887515,129.19921875,0.07557864487171173,2300.0529187574825,Happy
-206.49236,122.64486,-0.6156087,29.371662,10.252774,28.223461,-9.921397,13.379462,-8.442613,11.284243,-7.2747073,7.082518,-10.333574,1.9441689,-6.532225,-0.21489081,-7.5406556,0.41365618,-1.6585841,-0.16716015,123.046875,0.11165975779294968,1606.560170615663,Happy
-209.72826,105.235115,2.5971055,34.90691,15.330765,25.211895,-6.0549407,18.222582,-5.076517,8.924583,-0.99670994,8.245265,-4.022234,4.729955,-1.0536166,3.0564938,-4.5925846,4.2480564,-2.1156554,-3.6582186,129.19921875,0.11409615725278854,1716.1117225999903,Happy
-157.72598,109.83527,8.463048,41.79172,5.113608,25.760815,-12.964588,22.066961,-15.514671,14.372681,-11.921099,11.602115,-10.626171,4.125749,-4.0515113,3.4704802,-8.407584,1.7806472,-5.242628,-1.4668233,129.19921875,0.13193196058273315,1923.7123234958624,Happy
-76.048325,101.127174,-11.631934,46.232918,-11.2169285,31.394114,-9.462058,22.460752,-16.815596,15.975832,-9.508244,11.812327,-7.8450184,9.720803,-7.2474904,6.17486,-8.610062,8.070505,-5.5852027,3.7330098,143.5546875,0.1855965256690979,2118.326028871004,Happy
-154.8781,110.041916,-18.444853,36.64433,0.5231587,31.586283,-10.428807,18.81091,-7.1827836,13.130121,-5.251168,8.890394,-6.71836,6.0094323,-2.8002794,3.637413,-2.2208931,5.30364,-6.5800447,-2.9349852,129.19921875,0.13965924084186554,1803.5661063308723,Happy
-170.9219,107.74944,-1.7545519,46.44016,-0.19604653,24.946035,-10.681297,18.073286,-10.796638,11.152105,-7.252453,6.2031083,-6.4640956,2.0463724,-2.4408739,2.557906,-4.0423417,0.7938116,-3.7560382,-1.6679436,151.99908088235293,0.10636913776397705,1907.381884489025,Happy
-184.51595,106.18037,4.0202484,38.737698,8.408315,30.45933,-3.3555884,20.299545,-1.5513799,15.922177,-6.5210133,13.197271,-1.7158338,6.852844,-3.2387495,1.8637657,-6.049035,3.5135028,-7.414122,-1.7434583,143.5546875,0.1387546807527542,1754.5284525268162,Happy
-177.68387,113.61754,2.3168921,35.842815,1.5947576,34.69798,-8.75585,16.296053,-9.33526,14.175699,-2.0734396,13.142421,-7.2475615,3.5860155,-0.5792335,4.835953,-3.5922883,3.7729363,-4.3120465,-1.1142004,129.19921875,0.13927479088306427,1637.9263684990146,Happy
-88.0909,109.416725,-25.173023,40.403038,-8.781225,24.709513,-11.537566,18.499166,-8.2953205,17.03021,-8.444006,9.802779,-12.90077,1.5720209,-10.528803,-0.43553227,-7.793019,3.4446898,-4.9788013,0.058966998,151.99908088235293,0.15503212809562683,2007.372657971661,Happy
-91.33977,98.830605,-23.198654,46.879734,-6.857408,29.266338,-9.967306,25.659388,-10.211893,19.611229,-8.21838,13.407227,-6.499761,14.019779,0.4112348,12.5813265,0.3452066,10.107013,-0.43188745,1.2852144,151.99908088235293,0.182183176279068,2059.3588992585837,Happy
-161.81602,78.712814,-19.275562,55.11339,13.201412,30.957823,-7.0246754,24.269943,-12.833858,21.512705,-13.528581,12.772056,-7.4467325,12.7669935,-3.334874,9.13467,-7.7527347,0.641076,-4.095522,0.5013718,129.19921875,0.10780409723520279,2354.2710703063417,Happy
-169.24367,110.447716,-8.553957,43.898693,0.2664537,26.64651,-14.365674,13.026835,-11.142897,8.144701,-7.6902556,10.90997,-8.172387,2.804638,-6.414233,1.1023636,-4.2614355,4.3270764,-3.458248,1.2084928,135.99917763157896,0.12365177273750305,1811.3582154873116,Happy
-177.34091,110.98353,-15.655527,36.77763,0.06121845,24.468962,-3.7678869,18.426622,-3.3727522,13.775833,-2.107058,8.593649,-5.94512,2.9016984,-5.276312,-3.0622094,-6.2044883,2.0515823,-0.9910093,2.301355,123.046875,0.12678320705890656,1709.0354342543874,Happy
-171.67456,99.35704,-8.266292,49.604023,1.0877639,31.122862,-7.1348906,15.888202,-1.36541,12.733199,-5.1999,11.8099785,-5.3254657,3.1670113,-6.6942806,0.026681788,-7.726803,6.6970096,-3.7591057,-1.7928301,135.99917763157896,0.13427872955799103,1840.8054757537875,Happy
-177.61339,89.9523,4.605283,40.16279,0.16708137,23.182535,-9.905035,12.762709,-7.308214,18.732483,-5.735256,6.114346,-9.921317,0.27476898,-8.231639,3.866412,-6.8660936,2.1783085,-2.3552926,1.8247569,135.99917763157896,0.12768055498600006,2086.5315028359455,Happy
-256.31827,104.26259,-7.273195,56.246433,11.097317,27.300398,5.819085,17.783636,-1.2736737,14.663482,-3.4646602,10.868228,-2.461492,1.5637313,-3.7310221,-1.3596017,-4.2055964,1.3962828,-0.27640572,-1.6045073,78.30255681818181,0.07285960763692856,1640.0485302065747,Happy
-202.0222,111.094864,8.876879,51.82644,1.2931867,30.043192,-4.50889,22.452713,-7.1464868,11.500771,-4.760858,10.600746,-2.6392035,9.013605,-4.359338,-0.04145135,-4.3263583,0.65347505,-3.7452366,-6.1954627,151.99908088235293,0.10383700579404831,1585.601293881055,Happy
-239.17886,98.96217,19.201752,50.7939,2.8389907,32.244686,-1.5015264,16.732338,-7.452125,16.71691,1.4970632,16.056482,2.8027046,5.9377055,-6.308285,-1.0379016,-6.344044,2.1457455,-6.640424,-5.261345,75.99954044117646,0.08051517605781555,1814.19900091257,Happy
-226.41882,103.35993,0.16650221,43.973858,10.650589,35.21007,8.444857,21.145638,-3.2926626,15.537871,-3.0108569,11.102893,1.777282,10.621122,-5.7564626,-0.9837618,-4.13233,0.65941405,-3.7918532,-0.5790857,161.4990234375,0.09199360013008118,1578.9797524821934,Happy
-243.80943,123.347595,-15.57089,38.883972,6.487192,25.511738,3.0363429,17.175442,-0.21269448,8.983332,-2.4875262,6.7616143,-3.453198,3.2560692,-3.4338758,-0.4797554,-2.5348237,-1.862335,-4.96552,-2.7182348,151.99908088235293,0.06389627605676651,1510.806650097002,Happy
-249.42773,111.49365,11.282426,41.328266,-2.88513,34.554276,0.42364573,22.346,-9.966396,10.2083845,-2.8217614,8.728782,-1.4477805,2.2692573,-3.8882215,-1.8549621,-0.84235734,-0.93739444,-3.1697903,-4.3267784,89.10290948275862,0.07420201599597931,1615.9036118108686,Happy
-238.86949,132.32365,-0.12489097,41.233845,2.4230201,19.0934,7.9688535,19.94468,-0.6315844,11.098161,-1.7195421,9.940314,3.024706,2.210293,-7.8496413,-3.985692,-4.9199595,-2.1506598,-2.4111888,0.05068018,184.5703125,0.08248903602361679,1291.482455169567,Happy
-223.36678,114.212555,-4.4246492,40.187866,-5.0985384,24.676882,0.7235719,17.049505,-2.3657622,11.154623,-3.0846279,6.1297007,-5.687176,3.5125513,-5.4818797,0.031668458,-4.8445797,-0.70038456,-3.639368,-2.805782,107.666015625,0.0732119157910347,1699.8353933233097,Happy
-236.62389,91.68299,1.8581237,45.465084,1.2693516,32.259144,9.054458,19.607553,-5.0637455,10.9575405,-4.0131874,7.5379105,-0.33258387,5.808463,-1.8194476,5.380285,0.28315574,5.020354,-0.33738157,-0.84843403,86.1328125,0.0799814909696579,1811.5147924120354,Happy
-242.5513,98.308784,-3.8207767,46.032425,3.286847,29.200768,8.863108,26.982607,4.7228484,13.119676,-0.6375585,12.055011,3.00419,10.169963,-3.266688,2.036473,-3.5446403,0.9496666,-6.313107,-2.8599465,151.99908088235293,0.0862402692437172,1709.714456389326,Happy
-240.0093,108.755516,-8.202256,32.197624,-8.81615,18.640667,-4.7014017,15.518407,-3.7182035,14.536973,-4.792446,6.403633,-2.9500248,2.4401069,-7.110959,-0.15518789,-3.1421595,-1.5445279,-3.7374158,-0.81486225,95.703125,0.07575374841690063,1701.103192532159,Happy
-300.35504,99.25266,52.999855,43.226738,18.883024,24.848497,-7.955613,22.175869,1.7826729,24.79426,8.393651,20.713451,2.8040073,9.560834,1.1138258,5.903201,1.1138865,4.1829386,-2.2141101,-2.0283017,151.99908088235293,0.10385958850383759,1312.7373064527953,Happy
-296.08078,93.19381,-31.427439,29.488937,-18.94015,1.949198,-19.49847,-6.245118,-24.019806,-7.0987687,-14.191153,3.2708817,-10.612779,-2.7966268,-10.806494,-6.70871,-8.496008,-3.1317625,-7.0599756,-4.760056,92.28515625,0.039068758487701416,2031.8882309842427,Happy
-177.2906,89.63707,9.614038,65.46783,-1.0167571,15.514672,8.010461,16.342636,0.26795137,2.6445177,2.8961604,0.6422158,2.5766916,2.810242,-0.45532733,2.5262752,-1.407092,-1.6532326,1.2065383,-1.8943056,143.5546875,0.11992645263671875,1931.4896901504014,Happy
-174.81073,79.29305,-24.333023,17.978056,24.470284,15.726947,7.472576,4.2259116,3.9170737,4.8066626,2.760658,1.7235028,-2.3440123,-1.6011022,-4.455369,-0.3727379,-2.4354048,1.4890796,-0.32870978,-3.6642168,123.046875,0.0712503045797348,2480.8459326909738,Happy
-164.68895,142.69797,-41.473988,41.23485,16.18847,-5.5709586,7.642461,5.6203566,0.80288535,-10.477527,-2.348063,-0.49498358,-3.0664115,-0.61336815,1.1345507,0.7280753,1.0431116,1.9845235,3.4986024,5.307884,151.99908088235293,0.1106187105178833,1484.7434261821936,Happy
-104.24897,83.94451,18.881548,28.94541,10.63566,9.320364,9.311715,6.5240045,3.008459,2.4963021,2.7950141,-0.20271982,3.1010103,-2.213516,-1.7472101,-1.5308084,-0.26908636,-0.9262979,-0.93775654,-3.5272477,172.265625,0.1524408608675003,2454.215349177034,Happy
-120.324814,16.383318,25.04658,37.25922,9.280131,13.014446,3.2297337,5.9678516,4.0833497,1.6961602,1.8896632,2.6729698,2.0346594,-1.7154503,2.1032035,3.2449558,-2.0760074,2.7732615,1.609771,-4.050147,161.4990234375,0.09121400862932205,4283.044762530106,Happy
-169.03961,79.50441,15.242741,42.74113,7.6879196,17.028828,-5.9826927,0.54102665,0.063199684,-0.9479884,0.83621573,-1.5890546,-2.892287,-4.030863,-5.7745085,-2.5853257,-6.522957,-6.593555,-2.8414476,-1.2010623,172.265625,0.09348248690366745,2322.2929756125877,Happy
-140.31783,69.632965,-9.986165,52.16775,3.2691405,4.5593033,-3.4938629,2.92315,-6.571258,-2.642122,-1.7314111,-6.9437375,-5.8254113,-2.6929157,2.5455923,-1.813826,-2.1630096,-2.9328244,-1.7962039,-2.7112763,143.5546875,0.10929273068904877,2477.9298991117516,Happy
-123.733696,66.19565,8.181811,49.759678,8.53877,25.88335,-5.392044,12.895175,-2.5414345,6.7968063,-3.5781765,7.636994,-2.0558965,4.918354,3.664884,4.112981,-2.049146,6.775934,-2.8278131,-2.379036,89.10290948275862,0.12016338855028152,2673.271677146015,Happy
-121.49299,89.57814,23.786144,32.76793,8.857056,-2.6159663,6.6278014,1.7668996,-2.9514716,-3.0993512,-0.6974907,-5.429426,-6.5477986,-4.7044973,-3.2821004,-6.4664598,-6.659792,-4.4151874,-3.1623805,-3.9799309,95.703125,0.1328657567501068,2322.9386798777355,Happy
-104.88102,66.38382,-2.3053358,24.606274,8.4148655,6.770361,1.6772854,5.1811647,1.0552061,2.1988103,2.9562771,4.5823026,4.208453,3.097735,-1.4157375,0.22688985,1.0962346,-2.3245964,-2.8943222,-2.1844988,95.703125,0.1310683637857437,2955.9154393104704,Happy
-154.96252,-1.5391539,22.38873,30.425213,2.1195714,28.596123,16.995514,13.418903,8.493891,6.4839716,9.772991,10.905425,2.1743824,1.638151,6.3485465,6.9075937,-7.8031516,4.694933,3.4125054,0.66997004,86.1328125,0.1173657551407814,4276.113111170075,Happy
-85.30075,60.9427,34.79015,19.804203,16.71572,7.9753337,9.312554,11.364072,1.3941993,-0.08794774,6.407763,3.629288,5.676822,7.2175837,-0.8390437,3.243182,-2.6891913,0.36227465,4.752417,0.3332175,99.38401442307692,0.19002780318260193,3288.43329145076,Happy
-251.39256,105.855774,2.2200246,32.484394,16.563274,8.290815,10.365557,5.5049367,0.869962,8.355298,-0.63177377,9.898768,-1.8497396,4.4185476,1.8289825,4.2468085,-0.20060071,2.2507565,0.934555,1.2882609,75.99954044117646,0.06305282562971115,2004.3538474526456,Happy
-182.1939,83.517006,4.844894,12.6912,30.071646,17.201649,6.1039777,7.693451,7.147,8.883384,-2.1501875,5.713592,1.4522557,-4.9398346,2.9155705,2.1895847,-3.2314162,0.7591998,-1.6967705,-0.63379455,151.99908088235293,0.0968751609325409,2541.9768822749897,Happy
-130.3925,84.28538,29.355722,23.844408,8.28788,13.86177,2.2291074,2.9254556,2.5764942,0.0983221,2.3406696,2.7464368,3.756128,3.7823875,2.1226056,3.1364772,0.16150394,2.3938253,-4.115126,-1.766931,129.19921875,0.11290561407804489,2525.883148548213,Happy
-162.50883,98.486626,-1.6052876,20.811714,12.058051,11.743512,6.093583,4.958358,1.7059443,3.055161,-0.85991335,4.1205864,3.42566,-1.3976501,2.2798967,-3.710869,-6.500756,2.585176,1.4101468,2.229942,161.4990234375,0.10052798688411713,2174.1042292536513,Happy
-177.29272,98.28518,14.708466,21.133085,14.941088,10.18818,4.97314,0.84379065,4.83046,6.869421,3.5429,-0.35623598,0.5778768,1.3758777,2.0128925,-0.3069924,-1.3682138,2.8996344,-0.97946554,-0.5216541,95.703125,0.10334067046642303,2170.729333695411,Happy
-169.34058,83.9091,11.203278,12.134803,21.077204,9.533383,0.93636596,2.1945176,0.87566555,1.6430134,-0.41765848,0.7432359,-4.7871585,-1.7297719,-2.093574,-1.4278102,-4.669387,-0.21244699,1.9530636,-1.2630275,123.046875,0.091152623295784,2631.8490363841825,Happy
-93.51581,80.181656,-0.3042793,15.263566,4.3483276,9.056693,1.691839,2.5480187,-4.297323,1.0002483,-1.696375,-2.9968731,2.2530196,-2.094012,0.32576272,-4.3774824,-4.0438805,-3.1599917,-5.416726,-2.1435902,151.99908088235293,0.12639175355434418,2671.9431591250614,Happy
-301.43967,77.22314,-13.575449,39.304367,1.6029992,16.892714,-7.2503476,-3.6011548,1.1691408,-3.2648888,-8.437727,-3.6016147,-2.6015775,-7.2349606,-2.4424508,0.7665416,-8.960346,-2.651947,-5.49749,-8.402103,112.34714673913044,0.02583705447614193,2395.785250668999,Happy
-74.0531,58.0152,9.140951,29.258945,12.535322,-0.18953334,0.165297,1.3719069,-5.0914993,1.3520699,2.8511603,-1.560881,0.88525903,1.0400748,-4.3360424,-3.7478487,-3.6638267,-1.0602559,-4.114143,-4.137697,92.28515625,0.18103952705860138,3122.9386087150997,Happy
-265.69498,80.61592,9.722022,36.657085,27.836796,12.086828,15.014476,15.116937,6.558819,6.284592,7.486023,5.6445103,4.349679,3.08505,2.4041407,2.1855628,2.4785862,1.2730665,-0.21760568,0.8088296,151.99908088235293,0.05732228606939316,2113.391953819571,Happy
-168.56569,109.54735,-20.666073,38.956314,7.960122,0.3354016,6.036591,4.0865717,-1.3609743,0.119732976,0.24298774,0.35119832,5.3024573,3.684615,2.8488913,4.4759326,0.80968964,3.0071368,1.5235856,2.4545724,184.5703125,0.09758127480745316,1910.6006441535096,Happy
-70.11164,54.362183,15.596424,19.821365,27.00525,13.251235,0.70048463,10.075649,6.6888304,-0.30473047,2.978181,6.0232983,1.0923579,3.1697552,0.24926995,3.0365627,-5.600442,-1.3141888,-1.9566276,-8.710367,172.265625,0.2677714228630066,3094.02220916496,Happy
-66.18777,97.88822,-18.8181,26.937904,14.0201845,6.0293303,9.445992,10.570344,-0.136587,8.126069,10.5418215,8.009013,3.8083315,4.0128603,2.71313,0.4244292,-4.2018785,0.1007372,0.14901492,-3.1472926,89.10290948275862,0.2980850338935852,2080.8998101028196,Happy
-147.08931,120.0933,-21.591429,39.640545,6.94915,15.087431,-1.0081931,15.945317,2.543234,4.5108314,0.02295203,4.332127,4.638779,4.006375,3.054718,0.5425983,-6.1399174,-1.6537441,-0.73003006,0.19702493,161.4990234375,0.12912783026695251,1629.3916759342683,Happy
-132.95238,117.09168,-2.7986,22.529333,25.91985,0.2901604,13.511026,3.3958855,4.522271,0.54295677,-0.07208139,5.0957723,-0.15914747,1.27157,3.068551,1.3972648,-0.5488079,0.1397994,-1.0481824,-0.040011592,83.35433467741936,0.14007322490215302,1729.221510067004,Happy
-194.80711,83.02939,-0.7573575,32.3753,2.8250601,23.16773,2.9668245,14.221725,8.545363,10.447763,7.068881,8.804686,1.4087902,5.4087796,2.7515855,5.2473264,1.6427809,0.50761646,1.1411837,-1.5598167,135.99917763157896,0.09532419592142105,2104.9458967015426,Happy
-142.78154,83.62423,21.906212,33.849457,4.624049,4.1626973,1.9368716,21.812685,-5.9423456,0.50014156,17.423235,-11.433122,10.545723,2.2018425,1.4132795,1.7545954,-1.3976312,2.0162969,-1.8893013,0.6375471,143.5546875,0.12575796246528625,2461.457562285525,Happy
-136.78912,75.5919,-5.33347,23.440128,0.7612742,12.292592,4.4802775,5.1578507,-0.07490865,9.033966,4.902392,2.3301923,5.4751735,0.6624333,1.474683,3.8372912,-1.5902516,-1.720957,-4.4434395,-9.697896,172.265625,0.14901283383369446,2288.9314176081257,Happy
-141.76732,44.179897,21.717089,43.29201,21.74255,11.178962,3.543304,15.015563,-1.7441003,6.4359937,6.9099855,0.7032586,3.96931,1.4794366,4.678296,0.9025714,2.2230742,3.375713,-2.6652098,0.50957847,143.5546875,0.15084101259708405,3109.580608719877,Happy
-94.140526,68.22994,3.9754806,7.6313868,12.791034,-3.185735,-3.9074442,3.8176005,-6.121651,-0.35184246,0.3375634,-4.6744213,-3.0098026,-2.9692574,-3.1980948,-4.9229474,-5.001903,1.3904978,-2.0881765,-2.0886397,112.34714673913044,0.14293235540390015,3086.1860008884605,Happy
-105.88102,87.996155,19.372707,30.624931,10.024096,18.020147,3.6549273,8.923996,5.8252344,8.8736725,5.664958,10.555123,5.901164,6.1043887,7.049708,5.0997863,4.457999,2.1786814,1.3961859,-1.2673672,83.35433467741936,0.19222165644168854,2153.2951509096097,Happy
-105.86871,88.181656,19.302423,30.579697,9.9836855,17.954727,3.6897562,8.92259,5.8549743,8.851583,5.623592,10.514843,5.916853,6.103881,7.0478773,5.083662,4.441309,2.1635664,1.4177475,-1.23278,172.265625,0.19221866130828857,2148.603575494345,Happy
-63.8221,88.25405,-27.603098,18.600967,-3.5774841,5.1981163,0.9838292,8.05298,-4.396183,2.2758756,4.1544557,-2.208498,10.266527,1.8743328,6.291246,4.695101,-7.7507076,4.5987053,-1.5900236,0.6310115,143.5546875,0.17095790803432465,2481.191325890234,Happy
-105.70985,76.10178,19.510614,36.709297,3.7498503,11.684267,0.07589339,7.092368,7.6598434,10.457497,0.99036306,-2.1993623,-1.5104167,2.6376312,2.1172304,1.4288856,3.8492975,5.698102,-0.13352464,-1.5506121,161.4990234375,0.21068911254405975,2456.1544092561144,Happy
-151.77394,105.12452,-6.1661625,47.94609,11.344109,15.087999,11.635067,6.6077847,6.8175387,2.3976097,-1.0347643,-0.22057222,-0.64231867,-4.031569,-1.719691,-0.6675689,-6.97883,-2.4290376,-1.1788956,-3.8099961,143.5546875,0.11652950942516327,1778.3264606974715,Happy
-175.48697,78.023026,-2.5604963,52.86769,15.8424015,24.755295,5.29587,8.655302,6.6522336,9.806406,-3.3547556,4.118611,2.3579514,-3.3535118,0.7974127,-0.2639149,-6.331863,-6.457858,-1.256674,-6.4551945,161.4990234375,0.09433407336473465,2317.4758286832307,Happy
-155.67242,57.027367,-35.247707,33.286343,-14.187575,25.281809,2.5339673,4.2479243,8.487785,4.5679884,2.8205197,2.5739942,2.8225186,3.6183274,-2.8702095,-7.4973774,0.19377787,-1.4596341,-2.1718602,-0.05962719,151.99908088235293,0.08061355352401733,3003.0228526329006,Happy
-103.10472,67.23044,2.239865,28.497494,4.176846,11.877421,14.268192,14.302058,3.2598317,15.845577,8.033733,4.4579153,8.679057,8.057954,7.979672,5.031801,3.738449,-0.32675502,-0.938553,-1.0842904,99.38401442307692,0.19575418531894684,2538.8183244874817,Happy
-115.72032,67.04471,1.9207348,29.123379,4.0074277,12.044658,13.988451,14.918452,2.299447,17.055819,7.568181,4.992762,8.547549,8.288142,7.8985267,5.850145,3.1114364,0.054986347,-1.5452892,-1.2790091,99.38401442307692,0.17930914461612701,2567.6720453746466,Happy
-115.72032,67.04471,1.9207348,29.123379,4.0074277,12.044658,13.988451,14.918452,2.299447,17.055819,7.568181,4.992762,8.547549,8.288142,7.8985267,5.850145,3.1114364,0.054986347,-1.5452892,-1.2790091,99.38401442307692,0.17930914461612701,2567.6720453746466,Happy
-285.9736,138.68747,19.947643,35.24512,-7.9940906,7.078869,5.405129,-3.2063923,-1.1585746,3.2082617,1.4964436,-4.0358186,-6.3341923,-0.9289379,-4.363625,2.8833332,1.2566572,1.9725599,0.78867674,-4.2886114,129.19921875,0.05672549828886986,1366.429347381977,Happy
-150.91211,111.76167,2.915668,42.73335,-3.5954196,15.153263,3.4516783,0.18917757,-4.718382,3.858657,-0.88960326,-5.3516603,0.6894754,-1.2251097,-5.0513124,-5.0716324,-8.564148,-7.982334,-5.302202,-1.4553043,198.76802884615384,0.11420159786939621,1788.5445972751872,Happy
-175.16914,116.62998,-55.129204,59.90558,1.9614096,1.0681366,14.602345,-3.231406,2.7899194,5.709691,-1.8400207,7.8743434,0.40650472,0.0445011,-1.1589998,-4.510992,-2.9495676,-3.6833575,-2.5156965,-7.0522876,86.1328125,0.11948926001787186,1797.4051726737525,Happy
42.112865,37.42417,-7.9223094,4.4919896,8.947958,3.5308404,3.0852082,1.6274318,6.267534,1.821807,-0.561366,-0.39434353,1.6282494,2.90749,0.3815022,-2.3099115,-4.1410394,-2.1888423,-3.3363502,-1.861262,129.19921875,0.35094302892684937,4434.948742523192,Happy
-110.20218,48.547997,29.644615,18.442467,-0.4723488,4.6547112,-2.2670708,-6.588416,-2.1527014,-0.15998113,-0.68459135,0.54417443,1.9038584,-1.0631889,1.7236896,0.8197151,-1.6870393,2.6605754,3.1008935,3.7421088,83.35433467741936,0.2078382819890976,3296.209659000533,Happy
-75.2325,44.853004,10.078607,1.1481962,1.1562961,-3.1406858,0.13975972,0.079327375,-3.4337423,0.11067805,-1.928057,-2.314652,-0.07721781,-3.4861436,-0.3764775,-2.729149,2.5087376,-0.99313956,3.6319659,-2.5960574,107.666015625,0.12002135813236237,3881.383875119963,Happy
-194.45694,157.13971,-14.128242,44.053368,3.4784238,17.465809,2.9772444,5.833764,3.0153089,1.075528,2.5912235,0.79981035,0.649177,-2.4909732,0.8378124,1.3831848,-4.2748637,-0.53351504,-1.9673729,-1.341783,151.99908088235293,0.1513819396495819,1052.002100832135,Happy
-127.36403,65.991806,4.458125,30.058987,16.647373,16.524986,-6.399657,15.28876,4.620023,5.1040297,5.5857096,-0.76974225,6.0622196,3.7929256,-2.1860957,2.0060635,-5.561904,7.7648025,-1.5139074,5.000389,151.99908088235293,0.14426259696483612,2867.992801312542,Happy
-159.94081,92.81088,-28.709526,31.46426,-6.6107235,12.638019,0.8522681,10.961095,-2.074935,3.66625,3.5795064,0.3230554,8.548466,2.8394167,6.7491617,4.869925,-7.0079427,3.97035,-0.75895727,-0.3264077,143.5546875,0.0688135027885437,2314.4949684089943,Happy
-138.14389,101.46947,-35.31705,36.162956,-9.493778,14.762183,-0.23332843,11.528228,-2.106009,3.4052167,4.2047963,0.13827945,9.009115,2.762134,6.2368755,5.7381325,-7.9380713,5.2025204,-1.4864928,0.4521919,143.5546875,0.09213820099830627,2170.7030022441018,Happy
-147.45053,113.27776,-6.2796288,9.0886135,24.541443,-9.802509,13.136196,-1.99092,-2.7045512,12.230323,-4.1125245,-1.0004733,1.9699448,1.4699806,0.0039844806,-3.0055423,-3.5841718,-3.887594,-0.5127024,-3.0621505,89.10290948275862,0.10712717473506927,2109.6362127896273,Happy
-97.762924,108.837135,-24.923462,21.31974,12.549697,7.7659984,-3.3035848,3.5284224,0.68943715,4.195522,-9.684725,4.2615576,2.456917,-6.625021,-3.161061,-1.1035149,-4.836193,-0.11613139,-7.4346824,-7.7060375,129.19921875,0.13470537960529327,2022.437501264683,Happy
-69.031685,79.13812,13.089321,29.371021,0.26556173,4.15653,-0.4426138,0.18855518,2.8111448,0.5979991,-2.7980497,-0.51655084,-3.1858015,-7.214459,-4.411958,-6.804216,-9.37836,-2.347947,-5.9510303,-7.3565593,123.046875,0.16228151321411133,2617.582608076272,Happy
-167.0121,116.64275,-44.190365,70.50381,2.3206954,16.017593,12.503347,4.1003556,5.3281403,4.525841,7.307662,7.587458,2.9061527,1.4778135,1.1352504,-3.127623,-1.9610994,-1.0093392,-4.6560035,-4.9569874,89.10290948275862,0.16214606165885925,1629.473422777735,Happy
-142.7909,103.117455,-15.232358,38.268044,-12.985988,2.749526,-1.675033,-3.4322703,-4.448259,-9.285493,-10.124065,-2.1168067,-4.4709153,-7.905639,-3.7472816,0.50961614,-5.032232,0.30626732,1.5896959,1.22469,161.4990234375,0.11071928590536118,2007.1841367892719,Happy
-134.68275,93.56442,8.52157,34.86943,3.2855153,15.515956,4.9638395,8.545496,-1.2880833,2.7348347,5.0694065,11.86001,4.410374,2.0628667,1.3174813,0.2947642,-2.326158,0.38394585,0.91544616,-0.44093442,123.046875,0.13910417258739471,2025.3801449478724,Happy
-67.13854,80.72981,-43.87338,57.724434,-12.790912,33.593773,-7.733453,14.1250515,-1.2325957,7.4195833,-2.03643,6.1105623,-6.631473,-1.0051321,-4.763684,1.052848,3.491624,4.5339885,-1.2926302,-3.1491413,117.45383522727273,0.18010452389717102,2466.3392174966807,Happy
-116.63067,109.278175,-23.151485,40.68846,-11.896858,23.155596,-15.398657,15.127643,-13.522637,12.695952,-10.886425,8.50553,-11.57876,2.1894636,-6.196372,2.0095913,-7.949274,2.0847383,-2.386689,-1.5323056,123.046875,0.12913727760314941,1995.8245086755824,Energetic
-111.17635,134.16852,-24.667322,41.557487,-3.073013,28.49442,-10.584973,14.932527,-14.398836,8.850726,-4.5540066,9.948249,-4.6702337,3.6337464,-5.548107,3.369797,-4.9497495,-1.4712832,0.09478977,-5.328055,151.99908088235293,0.18045319616794586,1529.3175590522962,Energetic
-120.49428,117.59749,-27.599688,42.825844,-6.756322,21.662518,-12.098573,17.943407,-10.448061,12.274321,-6.567336,13.528419,-2.413079,6.703759,-3.1467266,5.470716,-2.2395399,1.0572805,-1.651923,-0.0423254,107.666015625,0.14855237305164337,1874.829786811176,Energetic
-156.60326,130.69366,-1.4667767,36.238716,0.37273517,31.98139,-0.6227637,20.141378,-11.335083,13.838639,-3.776273,11.534398,-3.2221892,5.0622387,-1.7910414,3.5396824,-2.4512622,-0.7277508,-1.4179354,0.63153225,95.703125,0.15116913616657257,1421.4880254979385,Energetic
-127.97257,134.44722,1.025668,54.43773,-0.46697682,35.82834,-10.860185,16.379753,-10.032896,6.6001406,-6.6998053,11.046619,-8.382891,2.1126204,-6.3423553,0.9954606,-5.329534,-0.84124935,-4.668554,-4.7869077,103.359375,0.20868326723575592,1345.8882551385968,Energetic
-62.381718,153.7731,-55.11629,28.017727,-6.8514705,17.47647,-22.606953,18.144703,-12.586429,4.494896,-8.387154,7.2041183,-2.5257893,4.835434,-6.2755365,-0.7264993,-2.2768297,-5.245155,-5.220955,-6.282929,99.38401442307692,0.20368444919586182,1542.2216281068565,Energetic
-98.379135,136.61774,-46.718246,46.476067,-17.166424,10.52016,-14.581245,16.550787,-12.337286,3.6909735,-12.654891,2.9554558,-12.512315,0.09740561,-0.78016055,-5.695947,-8.634934,-1.901795,-2.1870084,-3.391345,112.34714673913044,0.1801149994134903,1675.4999364261096,Energetic
-140.44441,149.30034,-10.059853,38.74818,1.5280161,20.12901,-11.331474,16.29449,-13.257334,10.190117,-9.253554,4.7002983,-8.369613,2.2758238,-6.5116615,-1.624957,-6.491124,-4.7229056,-2.5751228,-1.7881634,89.10290948275862,0.15703405439853668,1282.2760121933156,Energetic
-14.937181,138.4251,-41.898533,22.075092,-18.672731,31.993649,-20.37348,15.692359,-17.35271,14.868898,-8.898109,12.249725,-5.82301,9.966224,-3.166884,1.9740739,-6.924239,3.1174815,-2.9878943,-6.6786566,89.10290948275862,0.26079556345939636,1717.3419433944864,Energetic
-178.59238,153.98979,-4.9495006,21.926918,-2.0618477,23.677855,-1.2919359,11.558475,-6.04038,4.955241,-2.951674,5.40618,-4.1217036,2.9820895,-5.323764,-8.825106,-11.073638,-3.212779,3.8551219,3.5541477,75.99954044117646,0.12820887565612793,1181.5495135430565,Energetic
-108.98643,114.95591,-5.198552,46.20658,-9.133127,20.515318,-17.025162,24.214722,-8.057453,13.438206,-18.381256,8.588361,-11.40596,1.8842732,-10.553585,-0.25984257,-11.800165,-6.5043545,-4.3081517,-2.740076,161.4990234375,0.15343888103961945,1857.8624034566847,Energetic
-169.73999,119.115036,7.1710987,53.430897,4.141932,23.13069,-5.7138543,24.995337,-9.326624,13.470993,-14.286962,5.954391,-13.598769,0.7701722,-10.468752,0.080466755,-4.372727,1.1727644,0.48742908,-5.829122,117.45383522727273,0.12337732315063477,1536.9871799571386,Energetic
-204.65546,107.00343,-10.197385,45.559887,3.03639,24.009134,-7.5013742,20.058529,-5.1709266,8.742728,-10.101094,4.3654666,-6.9596434,4.6930146,-8.222786,-0.82612133,-9.62869,-7.393809,-9.437464,-3.1371024,112.34714673913044,0.07588578760623932,1863.089813447186,Energetic
-211.2083,95.768036,40.58083,68.30281,5.3151,30.973612,-5.270473,22.828838,-1.6150613,17.489037,-11.487266,8.734695,-10.4560175,5.7238297,-7.8924246,3.727533,-6.627519,-1.2788162,2.7943084,6.274991,123.046875,0.13374000787734985,1596.5231665437618,Energetic
-256.5845,103.170715,-8.463653,48.59315,-4.1831117,17.341555,-6.6681957,17.038635,-4.5991197,5.321588,-10.013156,8.242727,-6.1991887,3.4362082,-3.646894,1.6950732,-5.41009,-3.2497907,-3.8716667,-1.030732,117.45383522727273,0.05352145433425903,1935.4498295716771,Energetic
-174.94176,90.89378,-18.696543,41.621613,-8.882181,9.09759,-12.460493,13.123887,-9.697834,4.3378367,-13.489968,6.743155,-10.383936,7.1506324,-5.7974553,0.7992602,-8.139413,-5.7164297,-3.364279,-0.42180866,135.99917763157896,0.0822996273636818,2336.111675735068,Energetic
-15.687386,100.09827,-37.590454,45.971,-20.773737,25.637007,-18.64387,26.516623,-20.16317,21.12962,-13.649135,10.978789,-15.535993,3.681421,-7.7146096,3.9337354,-8.12184,6.9547653,-2.0548267,3.9079616,143.5546875,0.18442486226558685,2459.3807747248898,Energetic
-41.43264,105.41607,-43.95048,54.109116,-18.417747,23.52593,-17.617792,20.664486,-18.462946,17.481682,-15.181072,11.308914,-14.158966,2.833206,-9.479148,3.3370886,-8.206202,3.6953027,-3.6791856,-0.16170013,123.046875,0.16596873104572296,2311.9417457073478,Energetic
-67.55526,109.12109,-32.731323,45.65722,-11.699701,27.494364,-16.341742,22.087679,-15.454766,19.404106,-11.62111,11.591024,-10.5210705,4.4448233,-7.010192,5.037844,-6.7615237,3.813023,-2.6553214,-0.055492047,117.45383522727273,0.14070792496204376,2209.573799429134,Energetic
-84.21731,102.350716,-41.346844,47.032883,-16.961946,26.242182,-18.962618,18.802515,-21.695797,11.055486,-19.242598,5.2391276,-16.765684,1.1029651,-9.672752,1.0961797,-7.5460677,3.2413175,-4.718833,-0.31406513,117.45383522727273,0.11218207329511642,2321.139396040278,Energetic
-56.94345,115.210526,-30.444605,37.203808,-21.994804,21.870764,-19.77065,14.999988,-24.074703,17.787262,-17.27864,6.7524276,-10.744573,0.82344145,-10.163564,3.6828911,-8.563292,-0.9132154,-2.5268016,-1.9751105,99.38401442307692,0.15241935849189758,2188.2645254060567,Energetic
-55.33061,114.44247,-34.06889,37.984398,-22.331318,18.526556,-18.157928,13.806143,-27.803474,18.161308,-14.623385,6.5552106,-8.269667,-2.2520103,-11.609422,2.499924,-10.946987,0.70855635,-0.68018126,-0.06256245,184.5703125,0.16148923337459564,2157.8298998957625,Energetic
-34.62348,106.51091,-41.074825,33.66884,-27.234531,21.39769,-21.319239,14.007784,-27.776123,16.06719,-18.824478,5.6543665,-14.290796,0.82021266,-10.535016,4.4421945,-7.468856,2.0718632,-2.9032283,-0.3614607,198.76802884615384,0.17382122576236725,2342.3353774211027,Energetic
-88.292145,105.392944,-24.510698,41.848503,-22.37644,23.734203,-19.802425,15.150589,-27.119736,13.858993,-15.214505,8.941474,-12.80437,-1.1132363,-10.047708,1.7845204,-7.3529396,7.1009984,0.595776,2.513125,73.828125,0.1357429176568985,2295.565769219044,Energetic
-52.499744,99.70246,-47.39475,47.022385,-21.031916,22.886387,-18.293646,13.89262,-23.449203,13.509938,-18.669529,5.7055564,-12.89633,1.1990861,-12.417319,0.37735578,-9.145067,1.5957419,-4.1226177,0.3086735,73.828125,0.15652085840702057,2320.5556900857273,Energetic
-47.051174,95.76596,-43.925434,52.077534,-22.552746,20.855412,-18.687845,19.244207,-21.265245,21.887394,-19.218746,9.456287,-12.582293,3.8869054,-8.500133,6.2726574,-9.128362,2.6871698,-2.443376,-1.8786502,103.359375,0.14910566806793213,2510.3556189283613,Energetic
-58.96633,106.565315,-31.794188,47.919727,-17.430267,27.756453,-14.035482,22.419859,-20.562475,19.568918,-14.586194,10.188967,-10.941551,4.525453,-9.733946,4.6158075,-10.116572,1.4642454,-3.0028913,-0.6160972,112.34714673913044,0.15269838273525238,2263.522165083779,Energetic
-123.34534,74.88168,-17.058035,31.609985,2.5446815,17.32831,-3.8152325,9.7234535,-7.237524,11.2586565,0.38198882,3.4685218,1.663686,-3.1594355,-1.0820168,0.31572545,-5.9876003,-0.31926423,-2.3376036,-4.321616,151.99908088235293,0.07916758209466934,2669.3593345236,Energetic
-92.62163,101.8119,-33.467396,48.70225,12.402112,20.80687,8.704763,9.274925,2.7675457,5.239055,-9.331888,-3.4845622,-4.3514476,-4.6579022,-3.9693062,-3.1256864,-7.000376,-0.3966834,-1.1515988,-6.0074587,135.99917763157896,0.13879743218421936,2047.1451067117212,Energetic
-42.447617,85.069405,-7.393643,40.713787,-1.0123376,18.935547,-3.5306551,5.8736205,-5.017307,4.2433105,-3.18037,-0.5721077,-0.5273756,2.3468528,-0.36309698,-4.0984535,-3.8541589,-3.9137459,-5.782468,-4.3283887,123.046875,0.1800459772348404,2444.584086039301,Energetic
-131.44667,67.71616,32.899063,34.58986,-3.2580535,21.88393,-5.811073,10.241139,-7.0569263,2.2975733,-4.3679585,-3.330299,-6.2800264,-0.23067865,-1.9748884,-1.892943,-0.8794302,0.95149106,-1.5379333,-1.1708617,117.45383522727273,0.09645353257656097,2945.1945450846843,Energetic
-89.13876,81.39791,-12.569812,22.792751,-7.059606,-0.49249193,2.7757723,-3.4295094,-7.7128286,-0.8480601,-4.8873973,-2.684865,-5.287197,-4.5962753,-2.9684243,-2.2058465,-3.5681212,-1.0009714,-0.501564,-0.9720015,117.45383522727273,0.12612895667552948,2638.867641788369,Energetic
-26.406458,85.79429,-16.961445,35.260883,10.0001335,10.668921,1.4469967,4.7106347,-0.04728321,2.0705884,0.42054653,5.425936,-0.9531182,0.48480457,-1.5262778,-2.4637327,-5.8784075,-1.5509746,-6.8172965,-1.3808377,92.28515625,0.22213958203792572,2345.8857364588525,Energetic
-119.11726,128.928,-17.856236,29.175467,2.7212582,8.001319,-7.058392,3.87789,-1.508171,-3.9838588,-7.040401,-2.867053,-4.1777964,-1.8459401,-2.9485059,-2.2536001,-0.5701704,-0.09753919,-2.7966614,-2.6330163,117.45383522727273,0.12781934440135956,1673.575889634683,Energetic
-28.089369,65.62969,-7.35323,33.593567,11.073499,14.760504,2.1976209,10.063779,-0.32938397,10.1363125,-2.7488217,3.1914701,-1.6832663,-0.15931492,-1.6892451,1.8500857,-3.969614,-1.6286492,-6.3913174,-3.8662076,135.99917763157896,0.19107995927333832,2789.7940380072873,Energetic
-124.00577,109.503204,5.8832054,32.884655,10.982734,11.693243,12.679996,12.969648,1.649106,4.5024424,9.673786,3.0551999,3.5307927,0.73487467,1.7676072,-0.6809697,-0.039916202,-1.0109476,-5.559717,-0.84976196,129.19921875,0.12411600351333618,1867.3888525990114,Energetic
-0.4510205,72.64673,-13.214342,23.930399,10.373189,10.31697,-4.924216,14.35838,-0.6711963,9.922937,0.7018817,5.2240458,-4.0667095,0.36133868,-0.31027022,-1.356922,-6.1766877,1.0102044,-3.3962116,1.3683001,135.99917763157896,0.21663714945316315,2841.8971917238737,Energetic
-71.16524,79.446724,-20.793612,30.656105,5.5383873,3.697484,4.694747,7.2714033,-5.486176,2.4909718,0.83799785,-0.583319,-1.8935435,-4.7858295,-3.0449233,-3.8708224,-6.898971,-3.7814968,-4.804478,-4.8063464,129.19921875,0.11332251131534576,2627.053081238353,Energetic
-15.92807,67.15309,-20.1219,15.576831,4.8012633,10.825857,5.9594,11.79642,-0.39681524,5.6550355,0.11372399,1.0979242,-1.741559,5.704884,-0.5941916,1.7240587,-1.5776426,1.5810982,0.4128151,2.9387238,135.99917763157896,0.21929600834846497,2794.963091628599,Energetic
-50.866234,86.39504,-14.416372,12.843614,21.69903,4.23861,1.7381626,3.7064326,4.6919465,-1.86301,-1.1926677,-0.010121396,-4.1189137,-5.764848,-1.0660443,2.3003082,-1.5742458,-3.8516486,-6.1434116,-5.3746514,143.5546875,0.14427855610847473,2559.2817874298944,Energetic
-65.988464,61.27697,-1.9339222,35.323074,9.3201885,7.5695205,3.415293,2.9780252,4.6153226,2.916524,1.774064,-0.39260387,-5.753547,-3.483317,-3.6841917,-5.7191563,-3.9535747,-3.0872214,-2.7268662,-0.91234577,112.34714673913044,0.14280498027801514,3009.9775310236832,Energetic
-35.39913,73.67545,-20.210777,17.162956,14.95129,10.214682,7.6044693,1.598915,4.177347,0.7355448,-0.38544577,-1.3131807,-2.0491898,2.5269115,3.6032965,-3.5395648,-4.7911935,-2.50546,-3.9842033,-0.82724804,117.45383522727273,0.16064365208148956,2807.30058491141,Energetic
-74.19892,76.74987,-3.8123217,28.032583,8.144328,6.0188737,4.3061314,0.50524384,2.8562193,-0.9419194,-2.3505528,-0.28286347,-1.4562793,-3.6081467,-1.5266333,-1.5142529,-5.0189962,-2.3985136,-2.9776542,-4.94984,161.4990234375,0.1189284548163414,2794.3709144990316,Energetic
-62.079945,75.84869,-26.757467,18.279896,2.452302,5.826196,11.583856,0.009005851,8.69518,5.5144095,-0.25100037,2.3990037,-1.7422585,-3.1716588,2.0054278,-1.4090078,-5.5262985,-2.5283453,0.61924934,-1.4051204,89.10290948275862,0.13984785974025726,2740.1544161420566,Energetic
-118.357124,130.22548,-3.0720034,15.7343025,3.9399164,10.663591,6.834913,3.3929513,0.76198864,-2.5365586,-3.1070428,-2.8583639,-1.6224067,-0.2053219,0.7333941,2.0148191,2.0788786,4.1505575,3.1571186,2.2541373,92.28515625,0.1443280726671219,1652.179327113778,Energetic
-172.59167,142.76537,-55.78309,79.31112,-1.8683821,4.811142,0.23752727,-11.501947,-0.27545622,-9.37254,-7.673828,-11.250281,-5.676462,-11.295421,-7.6816216,-4.2779303,-11.279209,-7.829242,-7.7251334,-8.160577,151.99908088235293,0.09699847549200058,1561.5465305371351,Energetic
-83.093346,91.52499,-13.697013,16.139076,10.334052,5.5303426,-9.448829,-6.6147943,-3.0317733,4.9391313,2.6464746,1.0551014,-3.667946,-1.6078455,-4.42887,-1.859618,2.0090718,-1.024062,-3.1773005,-2.29258,103.359375,0.12062349170446396,2428.532242218463,Energetic
-58.28948,62.493946,-12.665307,31.92991,8.108557,2.2520819,3.9014304,1.4481051,-2.7169504,1.1021154,-0.4605377,-2.3829656,1.2428724,-1.4979297,-0.46996665,1.0395395,-2.0701604,-1.5083193,-3.2080479,-5.061896,107.666015625,0.13890297710895538,2998.5568440596116,Energetic
-93.35921,137.46544,-45.092747,37.819134,-9.423071,12.591269,-7.4945707,5.548374,-3.7386365,-2.014053,-2.458912,-9.575428,-3.1775432,-5.571349,-7.5064034,-5.6773906,-2.0041285,-3.8710015,-6.218141,-8.103474,129.19921875,0.1455613076686859,1646.6339142770562,Energetic
-142.48468,116.16892,2.2694678,31.065384,6.1926603,0.110362425,0.31725273,7.794024,3.2462354,-3.022173,1.7105087,0.742647,0.14290635,-4.416969,-4.471246,0.51342785,1.2327409,-0.1589148,-2.616297,-4.449161,112.34714673913044,0.10099384188652039,2077.5446322647385,Energetic
-145.0086,118.483894,20.532211,28.56977,2.3525505,10.085841,11.913156,4.8564005,-0.06745915,3.293767,3.404333,3.6531587,5.371289,2.2605515,1.8730618,0.8674155,-1.1843064,0.8131391,1.8204097,1.797177,123.046875,0.14123225212097168,1720.5912503156892,Energetic
-66.34945,66.78922,25.184574,26.302906,5.30007,10.462487,2.478275,0.75630563,-0.37080547,1.7285492,3.213731,5.0367546,-1.9407184,-3.0750816,0.38418487,-0.77638537,3.7200177,2.4019527,0.20658383,-1.6939887,172.265625,0.16165073215961456,3030.4355509553056,Energetic
-181.25508,103.40521,9.393452,19.0761,13.7934885,-0.49876606,4.3651223,-7.6066046,-8.104534,-0.14550002,-5.163272,-6.3069296,-5.4644313,-5.9768987,-1.1781267,-2.6688557,-5.1849394,-5.285638,-5.7971735,-3.7187395,129.19921875,0.1132863312959671,2187.2085144317775,Energetic
4.066039,52.615936,-11.04076,19.70849,11.2908325,7.0625377,5.064019,4.561151,0.028141258,5.1483927,3.3997622,1.1702251,0.5825347,1.2787391,0.71927947,-0.8079882,-3.0096502,-1.706633,-1.6908511,-1.290886,117.45383522727273,0.19013544917106628,3361.7673453402167,Energetic
-156.23691,75.612015,-16.506855,16.341146,5.819572,6.018424,-4.1331725,-3.7573888,-6.168893,-8.92888,-4.102285,-2.2225192,-4.650421,-5.4141636,-4.688722,-7.082145,-3.8898091,1.3867227,-2.0099483,-4.728931,107.666015625,0.06547273695468903,2632.7402137243284,Energetic
-91.89978,130.00647,1.790188,11.658318,3.2286391,-1.9668545,-2.2121937,-0.859142,-4.3378644,-3.54686,-1.5544236,-0.5467612,0.40629053,-1.6508831,-4.570645,-2.974743,-4.2806687,-2.6867945,-3.5489154,-1.4507276,129.19921875,0.1471862494945526,1711.1893544921813,Energetic
-7.851339,59.508636,3.6690323,28.985016,4.145485,10.275528,2.5448916,7.5940056,-1.3849739,2.9601321,4.0424523,-0.75121945,1.054092,-3.0428936,-0.99321187,-0.6897627,-0.6888783,1.526084,-0.46764636,0.5032029,135.99917763157896,0.1756976693868637,3303.904679679877,Energetic
-58.60115,64.89226,15.939432,5.449438,7.535342,9.880082,1.5892502,5.345211,-1.2376224,-2.0299547,2.4436266,-0.7237526,-0.31555262,-1.4825039,3.2967114,3.6478631,-2.5096352,-1.1688025,-2.310104,-2.216286,123.046875,0.12258004397153854,3488.995725081282,Energetic
-142.01543,96.99694,23.240543,10.443576,6.2821693,4.9678793,1.0824391,1.0958391,-4.841728,0.8765874,-3.455809,-2.011753,-5.8935347,-6.029564,-2.1259282,-6.1623487,-0.32294685,5.0935416,0.12192098,1.6692508,135.99917763157896,0.0874408707022667,2437.580126873773,Energetic
-219.12524,94.35542,42.78742,16.116037,9.527346,12.908823,7.7212763,2.3854547,-1.0225296,-1.9537667,-1.9797302,3.1503797,-0.8850413,-6.862013,-5.0669627,-4.0098577,-5.596728,-4.9922543,-2.514644,-4.291658,117.45383522727273,0.051181402057409286,2424.966690601346,Energetic
-82.66664,83.48526,-0.5739467,10.4842,10.418732,7.0719404,5.0804205,0.08345254,-0.20796473,-0.93477535,-0.09718942,-1.6991581,-1.0245148,0.17488046,2.3965557,-0.44954687,0.8480216,-1.8520992,-4.513158,-3.2022777,89.10290948275862,0.10329776257276535,2797.3841277516685,Energetic
-193.56299,98.39903,44.057728,23.779394,12.564506,8.460669,2.1713908,-0.34650666,-8.192859,-9.118401,-5.235873,-4.838527,-1.3708209,-1.264208,3.2184038,3.6885915,1.3783063,2.7119117,1.6968778,-1.7956172,80.74951171875,0.08834068477153778,2072.9854708489925,Energetic
-212.29836,65.75985,45.18236,19.730082,11.805884,8.061574,4.434145,4.215858,-2.3181694,-2.1899478,-1.6369864,-4.6518984,-3.7266169,-6.779794,-3.0030587,-6.520257,-10.924708,-3.3911235,-1.2092539,-3.1217554,123.046875,0.06044034659862518,2947.109224451956,Energetic
-302.79382,116.164375,44.757294,25.957436,18.726181,7.5729103,7.33575,4.0423317,-4.1868815,0.8677527,0.9239052,2.8157294,1.4195157,-3.4723823,-0.90459734,0.57829523,-0.81601304,-2.3739433,0.37611794,-1.8671849,75.99954044117646,0.053099069744348526,1711.662555940787,Energetic
-118.818695,104.41145,-29.167768,42.108837,-13.289315,29.063269,-20.876986,21.613054,-24.32235,10.711963,-15.105817,5.948565,-11.778101,-0.9063817,-11.019617,-0.201068,-6.916349,-1.2956266,-6.312216,-2.7065332,151.99908088235293,0.10704803466796875,2181.717912335607,Energetic
-95.29631,103.816734,-37.02142,52.69777,-20.764065,27.576885,-17.536627,24.813133,-11.300561,16.644619,-9.249601,10.187893,-8.786783,1.8505757,-3.948976,2.1735632,-6.692844,5.105645,-9.69792,-3.9585335,123.046875,0.11465216428041458,2294.29156586485,Energetic
-245.18564,95.09854,-21.243845,45.65592,-3.5624685,14.98203,-20.670311,19.526783,-21.713743,7.3274713,-9.289678,0.81875485,-13.016046,0.06169105,-8.23316,1.0623909,-8.035914,-0.39860073,-4.353721,-4.2199006,75.99954044117646,0.042979974299669266,2209.342049406717,Energetic
-123.72794,94.754234,-9.566722,53.26891,-13.758115,17.728083,-19.21234,25.298624,-18.70441,15.385912,-12.513976,9.367707,-11.601578,0.66171837,-6.994155,3.3594775,-7.141152,0.5074788,-8.740343,-1.4704784,103.359375,0.10014721006155014,2414.00286655524,Energetic
-121.09557,91.74797,-14.709612,52.973698,-11.412968,31.003344,-17.491768,24.202194,-24.778625,17.113523,-15.88606,10.376739,-8.625384,7.149125,-11.833608,3.1751018,-10.365117,1.5153414,-10.35157,-2.4806488,123.046875,0.09121902287006378,2467.0646621546953,Energetic
-203.3139,85.38172,-11.569648,54.7784,-11.609861,20.572916,-27.770662,18.878086,-31.656443,10.709889,-11.93277,4.1216273,-4.003614,1.7300528,-7.9092402,4.326782,-11.237885,-1.188486,-5.031982,-2.3650405,172.265625,0.04701054096221924,2569.1052765811332,Energetic
-202.22823,75.2136,-14.220877,66.31179,-8.289175,24.374107,-16.250933,17.125217,-21.291754,3.9677863,-19.749535,0.4896693,-4.5036573,-5.36643,-8.973074,-0.048068777,-8.041709,-0.5193079,-6.8042574,-8.449041,172.265625,0.05409812182188034,2512.1443220871984,Energetic
-79.849785,109.94089,-17.126644,47.195335,-11.94571,33.335598,-11.699733,23.630066,-13.667416,18.45372,-6.9371977,13.033838,-11.583448,9.107576,-5.955834,4.915925,-8.709809,3.7020502,-5.0979853,2.625906,112.34714673913044,0.16090843081474304,2024.9672114930113,Energetic
-95.32931,112.443436,-2.0780864,47.044605,-10.373584,29.782087,-15.112976,20.185732,-12.674205,16.48886,-7.8574357,11.875228,-11.181129,8.876124,-4.9432893,0.9183169,-6.1078544,3.2313335,-8.072234,0.73191065,103.359375,0.16546212136745453,1933.566634741674,Energetic
-61.652554,103.552765,-16.907658,49.269325,-14.810513,31.711088,-17.215973,24.628935,-14.4823885,18.026224,-11.670496,11.484825,-9.816042,8.860339,-8.570697,4.405294,-8.278598,1.5993294,-7.026587,-0.8208448,95.703125,0.16931797564029694,2224.311094028381,Energetic
-83.337296,103.88044,-13.938498,56.89741,-14.430383,32.19,-14.128751,19.159246,-9.344779,13.159195,-11.727716,8.406356,-9.399952,10.218948,-4.2199335,5.6187606,-6.3863792,1.8045067,-5.5758166,-0.4324659,112.34714673913044,0.1538156270980835,2140.7591092398616,Energetic
-113.69888,94.93524,-4.1180053,51.78671,-13.773854,34.333515,-17.59379,22.544245,-12.406815,17.20266,-9.234709,9.976576,-13.472091,7.569344,-7.2697444,3.6390865,-8.464248,0.39612663,-9.225722,-0.2802724,117.45383522727273,0.12686443328857422,2301.691479215312,Energetic
-132.35645,124.65598,-9.664943,46.45199,-6.2853255,30.5465,-11.139771,20.411028,-11.213244,9.377025,-5.8245196,7.8290353,-8.728431,5.6276045,-4.078816,-0.629749,-8.119383,-0.67603797,-7.61097,-0.20681678,95.703125,0.14587216079235077,1659.8731482944434,Energetic
-103.93918,101.90094,-10.340606,43.67417,-11.524458,26.930704,-9.990092,25.02072,-14.218496,19.70191,-10.535614,12.671651,-12.685294,6.849958,-6.0865602,5.455094,-6.235662,-1.4541346,-8.232369,-3.2686899,107.666015625,0.12869976460933685,2188.176213337053,Energetic
-130.98988,111.01548,-2.1539214,41.78767,-3.1985133,34.658478,-17.61137,19.87679,-9.144963,14.890434,-6.8441696,9.199766,-6.975001,6.3184733,-9.634725,0.51112944,-12.7766695,-4.886242,-2.5131242,-3.1215749,99.38401442307692,0.14438898861408234,1878.0900592313533,Energetic
-91.38539,112.11523,-27.342018,47.981018,-19.606638,27.728474,-18.553402,17.43945,-13.161743,14.4296665,-15.21798,11.52909,-12.585803,0.90807784,-10.44846,-0.619779,-13.491327,3.3084354,-3.7047021,1.0890846,123.046875,0.11669325828552246,2148.4701088464726,Energetic
-88.000725,93.53732,-23.228851,48.129993,-21.446268,27.758793,-20.340559,18.754475,-15.226568,16.130507,-21.412472,10.8740835,-12.021344,5.1280575,-7.2995195,4.6578507,-10.173712,5.493204,-4.3751016,0.3125858,117.45383522727273,0.10433086007833481,2606.2565496233246,Energetic
-121.43798,89.518234,-33.493107,41.97275,-25.929998,23.02586,-20.269114,14.3506975,-16.349436,17.03437,-16.955423,9.146751,-10.111248,4.2090273,-9.346901,1.6090046,-10.549011,1.067575,-1.6545652,7.5426693,117.45383522727273,0.09363885223865509,2553.8992233935824,Energetic
-95.476135,78.32375,-26.22216,44.237446,-22.4639,29.737852,-21.567053,23.95588,-16.578558,20.47006,-19.64269,13.886457,-12.624655,6.248262,-7.6597004,7.405312,-9.414199,9.653332,-3.7787297,1.0691056,99.38401442307692,0.09327282011508942,2976.0030874979825,Energetic
-119.17545,107.44643,-10.9727545,58.55446,-12.931377,26.831795,-17.640741,19.371054,-15.608501,13.5666485,-16.67103,11.872087,-12.187864,5.232598,-6.1726136,4.253889,-8.042082,3.5274684,-7.6822686,-1.3451043,123.046875,0.10167484730482101,2115.9838949624827,Energetic
-94.301605,91.881775,-17.588514,45.52394,-15.698276,32.63909,-18.020702,21.573336,-15.734346,16.79548,-18.303877,13.337474,-15.461038,5.2062526,-11.223152,6.212513,-7.9550314,7.7081137,-4.6095533,0.52663636,129.19921875,0.10681610554456711,2581.8092292667184,Energetic
-185.45334,98.932434,-36.442432,44.426693,-17.758,21.304089,-20.296019,13.779587,-15.489944,11.040962,-16.792248,2.326029,-12.639384,0.14767888,-4.397842,-2.4671614,-8.983908,6.862597,-6.7074046,-1.2103499,184.5703125,0.06301802396774292,2256.0047067984315,Energetic
-160.12103,88.731476,-35.493244,47.491817,-12.622672,17.308823,-19.139456,14.59133,-20.38044,11.096237,-11.14557,7.7047076,-9.86575,6.991698,-10.135201,3.0655303,-7.9491673,0.7073351,-4.9362535,-2.6115522,129.19921875,0.07627316564321518,2521.464032225308,Energetic
-42.66564,102.98204,-36.866947,44.534725,-11.986277,25.571468,-22.683826,28.340677,-19.273252,21.487629,-15.257317,11.752054,-11.576942,4.7838826,-13.031341,4.3557954,-11.958512,0.88591576,-0.4816499,1.3000379,129.19921875,0.16569988429546356,2334.758795031705,Energetic
-118.014465,84.04934,-50.279655,46.06395,-17.695776,20.860382,-21.651596,16.678535,-12.957173,12.82873,-13.105274,11.298574,-12.607103,4.3842344,-12.077613,0.6666766,-6.7942424,4.4643407,0.23727861,0.43376458,92.28515625,0.08947667479515076,2591.1167911589937,Energetic
-156.26839,130.76775,-25.24617,43.49666,-12.144103,25.410446,-7.947459,17.6216,-8.632112,9.573707,-8.363633,5.7764125,-7.04443,-1.8792272,-7.6914062,3.0032125,-6.4427137,-1.3017406,-7.824338,-4.146752,107.666015625,0.10521844774484634,1610.189714452553,Energetic
-89.05667,86.2166,-24.418585,47.110077,-33.645473,29.479248,-19.750383,21.647642,-16.75611,6.54962,-13.397908,7.489511,-12.868063,8.592251,-7.8963995,11.49906,0.6794173,9.798442,-2.131243,0.5883066,123.046875,0.1546425074338913,2495.6204189789773,Energetic
-74.3017,100.113205,-47.370808,49.62339,-18.414455,24.620586,-15.914734,23.901295,-22.833792,23.336365,-16.94892,14.932431,-11.504434,4.227315,-13.630019,4.4797993,-11.667688,4.327969,-10.597871,-0.8430529,143.5546875,0.10825303196907043,2474.554693163817,Energetic
-70.11754,94.181656,-50.328033,46.9629,-16.114254,19.996185,-23.959724,16.344028,-22.188528,14.435193,-20.092636,12.150915,-14.765589,4.90943,-13.623413,0.8304447,-15.061136,-1.6045009,-16.089468,-2.1846828,129.19921875,0.10687875002622604,2471.302263920436,Energetic
-114.74584,119.291725,-50.724567,42.631332,-6.709271,19.714178,-16.887064,19.393305,-17.415947,17.311916,-10.866727,6.668212,-15.753816,3.555531,-7.75999,3.388017,-7.6890497,1.6226153,-10.707391,-0.5426015,103.359375,0.10574260354042053,1939.9141779559488,Energetic
-90.21276,80.05299,-46.369427,56.04585,-8.101378,27.485428,-17.328846,22.971903,-17.603975,18.40145,-17.44811,7.6514463,-19.300837,1.1936784,-14.480706,4.5198197,-12.764399,2.9961746,-6.416898,2.2562988,112.34714673913044,0.10193109512329102,2629.304423185467,Energetic
-153.6165,109.894516,-23.106592,59.00746,-7.527995,19.730127,-16.486076,18.08352,-22.215626,15.403847,-12.378472,12.349251,-12.316458,5.778132,-10.268911,1.8052714,-13.300427,2.4732304,-6.7196245,-1.199268,103.359375,0.07944141328334808,2008.5370455020434,Energetic
-142.44206,116.23844,-32.19032,49.11461,-8.395415,22.872288,-18.311134,20.106487,-22.10691,10.796755,-13.001553,14.067452,-16.397627,4.162116,-4.3573008,3.7380047,-10.8545265,1.8724995,-7.467166,-2.797982,117.45383522727273,0.07642539590597153,2006.0092476458424,Energetic
-125.06511,115.20331,-48.00468,52.84311,-13.491938,21.765408,-12.428562,20.139965,-18.370886,10.11969,-16.055443,10.48674,-17.959637,1.2157047,-11.543171,1.8466086,-12.854931,3.4517848,-12.594253,-2.104668,129.19921875,0.08158259093761444,2077.166787874547,Energetic
-224.99405,123.669685,-9.775933,56.605724,10.427107,20.634146,-10.2572565,15.573306,-8.251973,12.805178,-9.004445,7.690067,-10.085666,-0.25135595,-5.2833486,-2.8149054,-4.421223,1.5605098,-5.0464134,-3.5825648,73.828125,0.0838344469666481,1398.5815744518925,Energetic
-235.2182,123.893234,-22.541746,52.924854,-1.4473313,24.668274,-7.0728726,14.884823,-12.778574,16.709099,-2.946438,10.071948,-15.021037,3.1123164,-7.1283135,1.7882509,-7.072692,0.021304127,-2.0276694,1.1558677,123.046875,0.05444213002920151,1609.3699366383669,Energetic
